metadata_field,canonical_name,confidence,count,n_snapshots,support,corpora_count,figure_count,table_count,source_snapshot_count,source_document_count,source_both_count,top_observed_values,n_unique_observed_values,top_description_values,top_reasoning_values
geographic_scope,geographic_scope,high,192,192,0.914285714,3,96,96,65,56,71,"['Lebanon', 'Djibouti', 'Uganda', 'Croatia', 'World / The World Region']",121,"['Country or geographic area to which the table applies.', 'The broad geographic region covered by the table.', 'Country or geographic area to which the table content applies.']","['Geographic scope is essential for country-level search, filtering, and comparison.', 'Geographic context is essential for discovery because it is not shown in the figure itself.', 'Geographic coverage is critical for country-based discovery and comparison.']"
unit_of_measure,unit_of_measure,high,180,180,0.857142857,3,98,82,180,0,0,"['Percent (%)', 'Percent', 'US$, Millions', 'US$', 'Kilometers; miles']",129,"['Measurement unit used for the plotted values.', 'Measurement unit used for the displayed values.', 'Measurement units used for reported indicators.']","['Units are essential for interpreting and reusing quantitative figure data.', 'Units are necessary to interpret and compare the numerical values correctly.', 'Units are essential for interpreting and comparing quantitative figures.']"
indicator_name,indicator_name,high,152,152,0.723809524,3,89,63,152,0,0,"['Adjustment functions', 'Forcibly displaced and returned persons', 'Monthly Price; Monthly Returns (% change)', 'Share of food expenditure in total expenditure p.c.', 'Enrollment by sex and grade; Percent of Grade 3 pupils who could not read a single word of a short text in Arabic']",140,"['Name of the measured concept or indicator represented in the figure.', 'The main quantitative measure represented in the figure.', 'Names of the indicators or measures reported in the table rows.']","['Indicator names are central for searching and reusing the quantitative content of the table.', 'Indicator-level metadata enables retrieval of figures by the specific economic or food-security measure shown.', 'Indicators are central to discovering the substantive data contained in figures.']"
time_period,time_period,high,149,149,0.70952381,3,86,63,142,4,3,"['2023', 'décembre 2023', 'Septembre 2023', '1994-2003', '2017; 2014 or the latest available']",109,"['Time period covered by the data in the snapshot.', 'Years or date ranges represented by the data values.', 'Time period covered by the reported data.']","['Time period enables temporal filtering and comparison across figures.', 'A data time period would be highly useful for comparison, but it is not visible in the figure.', 'Time period is critical for temporal filtering and analytical reuse.']"
row_dimension,row_dimension,high,102,102,0.485714286,3,16,86,102,0,0,"['Territoires', 'Region', 'Expenditure Category', 'Country of Asylum; Location name', 'Economic and financial indicators, including domestic prices, government finance, trade items, balance of payments items, debt categories, resource flows, and World Bank program items']",96,"['The conceptual dimension represented by the table rows.', 'Concept represented by the table rows.', 'The semantic dimension represented by the table rows.']","['Row dimension clarifies how the table is organized and what categories can be searched.', 'Row dimensions help describe how the table is structured conceptually and make tabular data more reusable.', 'Row dimensions expose the categorical structure needed to search and reuse the table data.']"
visualization_type,visualization_type,high,99,99,0.471428571,3,96,3,99,0,0,"['Multi-series line chart', 'Grouped bar chart', 'Pie chart', 'Vertical bar chart', 'Bar chart']",70,"['The analytical chart form used to present the data.', 'The chart form used to encode the data.', 'The chart form used to present the data.']","['Visualization type helps users understand how the data are structured and supports filtering by chart form.', 'Visualization type helps users identify figures suitable for time-series analysis.', 'Visualization type helps users understand whether the snapshot contains categorical comparisons, trends, or other data structures.']"
table_title,title,high,90,90,0.428571429,3,1,89,90,0,0,"['PROJECT FINANCING DATA (US$, Millions)', 'Violations et abus de droits en décembre 2023', 'Cost-Effectiveness Analysis Summary', 'Estimated Project Costs', 'Team']",76,"['The title or caption identifying the table content.', 'Title or heading that identifies the subject of the table.', 'The explicit title or caption identifying the table.']","['The title provides the primary semantic description needed for search and cataloging.', 'The title directly summarizes the analytical content and supports targeted retrieval of project cost-effectiveness tables.', 'The table title directly captures the table’s main analytical content for retrieval.']"
column_dimension,column_dimension,high,88,88,0.419047619,3,14,74,88,0,0,"['Year', 'Year columns: 1976, 1986, 1996, 1997', 'Population Group', 'Reporting period', 'Years: 1976, 1985, 1995, 1996']",80,"['The conceptual dimension represented by the table columns.', 'Concept represented by the table columns.', 'The semantic dimension represented by the table columns.']","['Column dimensions clarify whether values are organized by geography, benchmark group, or time.', 'Column dimension identifies the temporal structure of the tabular data.', 'Column dimensions clarify how values are grouped and compared within the table.']"
population_group,population_group,high,84,84,0.4,3,41,43,68,5,11,"['Refugees', 'Women; Men; Adolescent Boys; Adolescent Girls', 'Households', 'Pupils; Grade 3 pupils; male and female pupils', 'Refugees and asylum-seekers']",76,"['Population or subgroup to which the indicators apply.', 'Population group or demographic group represented by the data.', 'The population group measured or described by the table.']","['Population groups help users find figures about specific learners or demographic groups.', 'Population group captures the central subject of the map and supports thematic retrieval.', 'Population group metadata supports retrieval of tables about affected or served groups.']"
figure_title,title,high,84,84,0.4,3,81,3,84,0,0,"['Figure 2: Share of food expenditure in total expenditure p.c. (%)', 'Figure 2: Enrollment pyramid and share of illiterate pupils', 'شكل 1: مصادر القروض في الأردن (2013) / Figure 1: Sources of loans in Jordan (2013)', 'ANNEX 3: Map: Geographical distribution of the refugee population across Djibouti, including settlements and Djibouti.', ""Figure A3-2: Women's literacy rates in Sudan, 2014""]",83,"['Title or heading displayed with the figure.', ""The title or caption text identifying the figure's subject."", 'The title or caption identifying the figure and its subject.']","['The figure title provides the most direct searchable description of the snapshot content.', ""The title provides the primary searchable description of the figure's content."", 'The title provides the most direct semantic description for search and retrieval.']"
source_citation,data_source,high,81,81,0.385714286,3,57,24,78,0,3,"['Authors’ calculations', 'Authors’ estimation from VHLSS 2006 and ARFC 2006', 'Source: World Bank', 'Education Sector Analysis, 2018; http://www.earlygradereadingbarometer.org/', 'المصدر: دراسة استقصائية لمناخ الاستثمار (2012). / Source: Investment Climate Survey (2012).']",46,"['The cited source of the data used in the figure.', 'The cited source or producer of the data shown in the snapshot.', 'Data source or citation shown for the figure or its panels.']","['Source citation supports provenance tracking and assessment of data reliability.', 'Source citation supports provenance tracking and assessment of data authority.', 'Source citation supports provenance tracking and trust assessment.']"
category_labels,category_labels,high,64,64,0.304761905,3,43,21,64,0,0,"['Niveau primaire; Niveau secondaire; Niveau universitaire; Informelle', '1, 2, 3, 4, 5, 6, 7, 8, 9, 10', 'Male; Female; Basic 1; Basic 2; Basic 3; Basic 4; Basic 5; Basic 6; Basic 7; Basic 8; Secondary 1; Secondary 2; Secondary 3; Jordan; Iraq; Morocco; Egypt; Yemen; Sudan', 'مؤسسة مالية رسمية / Formal financial institution; الأسرة أو الأصدقاء / Family or friends; جهة قرض خاصة غير رسمية / Private informal lending source', 'Refugees; Asylum seekers']",61,"['Labels of the categories represented in the figure.', 'Categorical labels used to break down indicators or chart segments.', 'Named categories or groups represented in the figure.']","[""Category labels allow the figure's data structure to be indexed and reconstructed."", 'Category labels expose searchable concepts that may not appear in document-level metadata.', 'Category labels expose figure-level content that may not be represented in document metadata.']"
project_name,project_name,high,29,29,0.138095238,1,3,26,0,23,6,"['Djibouti - Integrated Community Resilience Project', 'Croatia: Reconstruction Project for Eastern Slavonia, Baranja and Western Srijem', 'Pakistan - Balochistan Human Capital Investment Project', 'Croatia - Reconstruction Project for Eastern Slavonia, Baranja and Western Srijem', 'AZ-SPF: Improved Livelihoods for Internally Displaced Persons in Azerbaijan -- P178125']",22,"['Name of the project associated with the table.', 'The project or operation associated with the table.', 'Name of the project or operation to which the table relates.']","['Linking the table to the specific project enables discovery and comparison across project-level analytical tables.', 'Linking the table to the specific project supports discovery of project-level financial information.', 'Project context helps users interpret a generic table title such as Team.']"
category_values,not_in_ontology,low,27,27,0.128571429,3,23,4,27,0,0,"['37, 35, 35, 34, 33, 32, 31, 28, 27, 21', 'Formal financial institution: 77%; Family or friends: 6%; Private informal lending source: 17%', 'Hourly wages of contractuals: 45; Contribution to school funds: 43; Costs most likely attributed to the Syrian Crisis: 203', 'Higher: Poorest 4.4%, Second 8.8%, Middle 16.7%, Richest 68.2%; Secondary: Poorest 6.7%, Second 10.2%, Middle 16.1%, Fourth 24.3%, Richest 42.7%; Primary: Poorest 15.5%, Second 20.0%, Middle 21.8%, Fourth 26.2%, Richest 16.5%; None: Poorest 30.4%, Second 28.9%, Middle 21.7%, Fourth 13.0%, Richest 6.0%', '191,500,000.00; 30,000,000.00; 90,500,000.00; 16,000,000.00; 0.00']",27,"['The numeric values associated with each displayed category.', 'The values associated with each displayed category.', 'The numeric values associated with the table categories.']","['Capturing category-level values enables search, comparison, and downstream data reuse.', 'Category values support direct analytical reuse of the data contained in the chart.', 'Linked category-value pairs enable retrieval and reuse of the data contained in the figure.']"
category_dimension,category_dimension,high,22,22,0.104761905,3,22,0,22,0,0,"['Loan source type', 'Economy/country', 'Cost component', 'Place or locality names shown along the horizontal axis', 'Nationality']",21,"['The grouping variable used to organize the observations in the figure.', 'The categorical dimension used to divide the measured indicator.', 'The categorical dimension used to organize the bars or groups in the chart.']","['Knowing the category dimension supports analytical reuse, even though the exact dimension label is missing.', 'The category dimension makes the figure reusable for analysis of distribution by source type.', 'The category dimension is essential for understanding what the numeric values are being compared across.']"
series_labels,series_labels,high,22,22,0.104761905,3,22,0,22,0,0,"['GDP def.; CPI; Exports; Imports; A - IBRD; B - IDA; C - IMF; D - Other multilateral; E - Bilateral; F - Private; G - Short-term', 'Tajikistan; Low-income group; GDI; GDP; Exports; Imports', 'Cambodia; Low-income group; GDI; GDP', 'Croatia; Upper-middle-income group; GDI; GDP; Exports; Imports', 'GDP defl.; CPI; Exports; Imports']",22,"['Legend labels or plotted series names used in the embedded charts.', 'Named data series shown in legends or plotted comparisons.', 'Legend labels or data series represented in charts.']","['Series labels identify comparable variables and categories represented visually.', 'Series labels enable retrieval of specific plotted measures and comparators.', 'Series labels clarify which entities or measures are compared in the charts.']"
currency,currency,high,22,22,0.104761905,3,3,19,22,0,0,"['US$', 'USD', 'US dollars', 'US dollars; euros; pounds sterling', 'HRK']",9,"['Currency denomination used for monetary values.', 'The currency used for monetary values in the table.', 'The currency denomination used for monetary values.']","['Currency metadata improves interpretability of monetary tables even when the exact dollar currency is not specified.', 'Currency metadata supports comparison and aggregation of financial data across tables.', 'Currency supports filtering and analytical reuse of financial indicators.']"
project_identifier,project_identifier,high,20,20,0.095238095,1,1,19,0,20,0,"['P048983', 'P152898', 'P506969', 'P166308', 'P173846']",14,"['Unique identifier for the project associated with the table.', 'Project identifier linking the table to a specific project record.', 'The project identifier associated with the source document and snapshot context.']","['Project identifiers support precise linking between extracted tables and project records.', 'Project identifiers support linking the table to related project records and documents.', 'A project identifier supports precise linking and filtering across project-related snapshots.']"
sector,subject_domain,high,19,19,0.09047619,3,6,13,2,6,11,"['Education', 'Health', 'Education; Basic Education; Primary Education', 'Education; Basic Education', 'Health; Primary Care']",13,"['Broad sector or domain to which the figure content belongs.', 'Sector or thematic domain relevant to the table.', 'The sector or domain to which the table content belongs.']","['Sector metadata links the snapshot to education-focused discovery while confirming document-level classification.', 'Sector context helps distinguish this staffing table from similar team tables in other operational domains.', 'Sector metadata supports thematic filtering and connects the table to health-related content.']"
language,language,high,19,19,0.09047619,2,10,9,18,0,1,"['French', 'Spanish', 'Arabic', 'Français']",4,"['Language used in the table text.', 'Language used in the figure text.', 'Language used in the snapshot text.']","['Language supports multilingual search, indexing, and user filtering.', 'Language metadata supports multilingual search, filtering, and processing.', 'Language supports multilingual search and processing of figure text.']"
subject_domain,subject_domain,high,19,19,0.09047619,3,10,9,5,0,14,"['Food expenditure; food security', 'Guarantees in a financial-sector/MSME finance context; credit-guarantee context supported by document metadata', 'Prices and government finance; trade; balance of payments; external debt and resource flows', 'Education attainment; wealth inequality; population distribution', 'Public health; pandemics; health system preparedness; COVID-19 response']",19,"['The broad topical domain represented by the snapshot.', 'The thematic domain or topical area represented by the snapshot.', 'The broad thematic or analytical domain represented by the snapshot.']","['The figure title and document metadata both connect the snapshot to food expenditure and food security topics.', 'Linking the chart to financial guarantees and MSME finance improves thematic discovery beyond the visual text alone.', 'Subject domains enable discovery of macroeconomic, fiscal, trade, and debt information not reflected by the health-sector document title.']"
table_subject,subject_summary,high,15,15,0.071428571,2,0,15,14,0,1,"['Estimated project costs for reconstruction activities', 'Project team staffing, skills, effort, travel, and location requirements (inferred from table contents)', 'Project management results indicators with baseline and end-target values (inferred from component and indicator rows)', 'Project indicators and activities related to urban investment planning (inferred from row text and document title)', 'Project component costs and Bank-financing breakdown (inferred from title and columns)']",15,"['The main topic or analytical subject represented by the table.', 'Concise semantic description of what the table is about.', 'Concise semantic topic of the table.']","['A subject field helps users find tables by their substantive analytical purpose rather than document title alone.', 'A subject field improves retrieval when the visible title is brief or generic.', 'A concise subject summary helps users discover tables whose titles or surrounding text are unavailable.']"
sample_size,not_in_ontology,high,15,15,0.071428571,2,2,13,15,0,0,"['n=44', 'Observations: 566 pooled, 266 boys, 300 girls', '# of obs. ranges from 9,958 to 10,328 across reported outcomes', 'Panel C: N = 69, 71, 65, 74; Panel D: N = 99, 101, 78, 109', 'N=360 for both model specifications']",15,"['Number of observations used in the analysis.', 'The number of observations, respondents, or cases represented in the figure.', 'The number of observations underlying the reported estimates.']","['Sample size supports assessment of evidence strength and comparability.', 'Sample size is critical for interpreting and comparing empirical results.', 'Sample-size metadata helps assess the scale and comparability of the reported estimates.']"
x_axis_dimension,category_dimension,medium,13,13,0.061904762,3,13,0,13,0,0,"['Year', 'School year', 'IHR Capacity', 'Date', 'T1; T2; T3']",9,"['Dimension represented along the horizontal axis.', 'The dimension represented along the horizontal axis.', 'The categorical or temporal dimension displayed along the horizontal axis.']","['The x-axis dimension clarifies the primary comparison structure of the chart.', 'Axis dimensions are essential for understanding and comparing the analytical structure of the figure.', 'The x-axis dimension identifies the primary organizing variable of the visualization.']"
temporal_granularity,temporal_granularity,high,12,12,0.057142857,3,10,2,12,0,0,"['Annual', 'Annual periods spanning two calendar years', 'School year', 'Daily time series, inferred from day-number tick labels across months', 'Trimestres or quarters, labeled T1, T2, T3']",11,"['The frequency or structure of the time intervals used in the figure.', 'The temporal unit used for observations in the figure.', 'Approximate frequency or resolution of the time axis.']","['Granularity helps users distinguish annual, quarterly, monthly, or other time-series data.', 'Identifying school-year granularity improves analytical reuse of education data.', 'Temporal granularity helps users determine whether the figure supports fine-grained trend analysis.']"
geographic_entities,geographic_entities,high,12,12,0.057142857,3,6,6,12,0,0,"['Central Darfur; West Darfur; West Kordofan; Blue Nile; East Darfur; North Darfur; North Kordofan; River Nile; Gezerea; South Kordofan; Kassala; South Darfur; Khartoum; Northern State; El Gadarif; White Nile; Red Sea; Sinnar', 'United Arab Emirates; Egypt; Bahrain; Islamic Republic of Iran; Kuwait; Oman; Saudi Arabia; Jordan; Lebanon; Morocco; Qatar; Sudan; Tunisia; Afghanistan; Djibouti; Iraq; Libya; Pakistan; Syrian Arab Republic; West Bank and Gaza; Somalia; Yemen', 'Munich; Berlin; Nice', 'Gueskerou; Chetimari; Kablewa; Toumour; Bosso; Diffa; N’Guigmi; Maine-soroa; Nguel Bely; Foulatari', ""Qatabah; Tuban; Dar Sa'd; Ma'rib City; Al Ma'afer""]",12,"['The named geographic entities represented as categories in the figure.', 'Countries or territories explicitly represented as plotted entities or labels.', 'Named places referenced by the figure’s data series or title.']","['Entity names enable retrieval of figures containing data for specific subnational locations.', 'Entity-level geographic labels are often only visible in figures and are crucial for geographic discovery.', 'Geographic entities enable location-based discovery even when no document metadata is available.']"
source_organization,source_organization,high,12,12,0.057142857,2,4,8,2,10,0,"['World Bank', 'World Bank; IBRD/IDA', 'ACNUR / UNHCR, The UN Refugee Agency', 'ACNUR; UNHCR, The UN Refugee Agency']",4,"['The organization responsible for producing or publishing the source document.', 'Organization responsible for producing or publishing the source document.', 'Organization associated with producing or publishing the source document containing the snapshot.']","['Source organization supports provenance tracking and institutional filtering.', 'Provenance supports filtering and trust assessment but is not unique to the figure.', 'Source organization supports provenance tracking for data extracted from the snapshot.']"
x_axis_variable,indicator_name,medium,11,11,0.052380952,1,11,0,11,0,0,"['Not explicitly labeled; likely shortage or surplus measure inferred from subtitle', 'Aggregated income; Current income marker', 'Quarter', 'Date/month', 'Not explicitly labeled; appears related to shortages based on the legend']",9,"['The variable represented on the horizontal axis.', 'Variable represented on the horizontal axis.', 'Variable or construct represented on the horizontal axis.']","['The horizontal-axis variable is important for interpreting the modeled relationship, even though it is not clearly labeled.', 'The x-axis variable identifies the analytical dimension against which the plotted indicators vary.', 'Axis-variable metadata helps describe the analytical structure of the figure.']"
statistical_measure,measure_type,high,11,11,0.052380952,2,4,7,11,0,0,"['Distribution by category', 'Percentage distribution of asylum application decisions by outcome category', 'Percentage distribution by sector and contract duration category', 'Marginal Effect; Level Sign.', 'Coef.; Mean; M.W. to P.']",11,"['Type of quantitative summary or statistic shown.', 'The statistical form of the values shown in the figure.', 'The statistical form of the values plotted in the figure.']","['Identifying the chart as a distribution supports analytical reuse across comparable snapshots.', 'This clarifies that the figure reports shares rather than counts or rates.', 'Knowing that values are percentages supports comparison and analytical reuse.']"
series_dimension,series_dimension,high,11,11,0.052380952,3,11,0,10,0,1,"['Tariff level', 'Assessment year / NLA round', 'Ceasefire status', 'Category of human right violated', 'Asylum decision outcome or protection status']",10,"['The dimension represented by separate plotted series or legend entries.', 'Dimension used to distinguish the compared data series in the figure.', 'Variable used to distinguish the plotted data series.']","['Series dimensions clarify what is being compared within the visualization.', 'The series dimension identifies the main comparison structure of the chart.', 'The series dimension captures the semantic grouping used in the chart.']"
document_context_title,source_document_title,high,11,11,0.052380952,2,6,5,0,11,0,"['Productivity, ownership, and the investment climate : international lessons for priorities in Serbia', 'Croatia - Municipal Environmental Infrastructure Project', 'Djibouti - Integrated Cash Transfer and Human Capital Project', 'what is missing between agricultural growth and infrastructure development ? cases of coffee and dairy in Africa', 'Almost random : evaluating a large-scale randomized nutrition program in the presence of crossover']",10,"['The title of the source document containing the table.', 'The title of the source document containing the snapshot.', 'Title of the source document containing the snapshot.']","['Document context links the macroeconomic snapshot to the project appraisal record in which it appears.', 'The document title links the poverty-rate table to its project and policy context.', 'Links the figure’s infrastructure indicators to the document’s agricultural growth and Africa context.']"
subject_topic,subject_domain,high,11,11,0.052380952,2,8,3,5,0,6,"['Violations des droits humains', 'Population age distribution', 'Violations des droits signalées par le monitoring de protection', 'Commodity price volatility; structural breaks in volatility', 'Trade logistics and logistics performance']",11,"['Topical subject matter represented by the figure.', 'Main thematic topic represented by the figure.', 'Broad thematic topic represented by the snapshot content.']","['The topic is central for search and thematic discovery.', 'A topic field improves thematic discovery even when no document metadata is available.', 'This supports topical search for tables about rights violations and protection monitoring.']"
indicator_names,indicator_name,high,11,11,0.052380952,3,7,4,11,0,0,"['Consumer prices; Implicit GDP deflator; Current revenue; Current budget balance; Overall surplus/deficit; Total exports; Total imports; Export price index; Import price index; Terms of trade; Exports of goods and services; Imports of goods and services; Resource balance; Net income; Net current transfers; Current account balance; Reserves including gold; Conversion rate; Total debt outstanding and disbursed; Total debt service; Official grants; Official creditors; Private creditors; Foreign direct investment; Portfolio equity; World Bank program commitments, disbursements, repayments, flows, interest payments, and net transfers', 'Population, mid-year; GNP per capita; GNP; Population growth; Labor force growth; Poverty; Urban population; Life expectancy at birth; Infant mortality; Child malnutrition; Access to safe water; Illiteracy; Gross primary enrollment; GDP; Gross domestic investment/GDP; Exports of goods and services/GDP; Total debt/GDP; Agriculture; Industry; Services; Imports of goods and services', 'Population; GNP per capita; GNP; population growth; labor force growth; poverty; urban population; life expectancy at birth; infant mortality; child malnutrition; access to safe water; illiteracy; gross primary enrollment; GDP; gross domestic investment/GDP; exports of goods and services/GDP; gross domestic savings/GDP; gross national savings/GDP; current account balance/GDP; debt ratios; agriculture; industry; construction; services; private consumption; general government consumption; imports of goods and services; gross national product', 'Population; GNP per capita; GNP; population growth; labor force growth; poverty headcount index; urban population; life expectancy at birth; infant mortality; child malnutrition; access to safe water; illiteracy; gross primary enrollment; GDP; gross domestic investment/GDP; exports of goods and services/GDP; gross domestic savings/GDP; gross national savings/GDP; current account balance/GDP; interest payments/GDP; total debt/GDP; total debt service/exports; present value of debt/GDP; present value of debt/exports; agriculture; industry; manufacturing; services; private consumption; general government consumption; imports of goods and services; gross national product', 'Consumer prices; Implicit GDP deflator; Current revenue; Current budget balance; Overall surplus/deficit; Total exports; Total imports; Export price index; Import price index; Terms of trade; Exports of goods and services; Imports of goods and services; Resource balance; Net income; Net current transfers; Current account balance; Total debt outstanding and disbursed; Total debt service; Composition of net resource flows; World Bank program commitments; Disbursements; Principal repayments; Net flows; Interest payments; Net transfers']",11,"['Names of statistical indicators or measures reported in the snapshot.', 'Statistical indicators or measures reported in the snapshot.', 'Names of statistical indicators reported in the snapshot.']","['Indicator names enable retrieval of specific economic and financial measures embedded in the table.', 'Indicator names enable fine-grained discovery of data that is not fully captured in document metadata.', 'Indicator names are the core semantic content needed for search, comparison, and analytical reuse.']"
analysis_method,analysis_method,high,10,10,0.047619048,2,2,8,8,1,1,"['Regression analysis', 'Pairwise comparison weighting; Analytic Hierarchy Process is inferred but not explicitly stated', 'Multinomial logit model; marginal effects are reported', 'logit estimation', 'Mathematical deterministic dynamic compartmental model']",9,"['The statistical or analytical method used to produce the reported results.', 'Method or analytical approach represented by the table.', 'The statistical or analytical method used to generate the table results.']","['The method is central to understanding how the listed factors are compared and weighted.', 'Method metadata enables users to find and compare tables using similar econometric approaches.', 'Method metadata supports discovery of econometric and impact-evaluation results across tables.']"
data_source,data_source,high,10,10,0.047619048,3,5,5,7,2,1,"['Development Economics', 'World Health Organization', 'Sudan MICS 2014/15 data', 'UNHCR', 'ENIGH 96']",9,"['Source or producing unit cited within the snapshot.', 'Source or producing unit cited for the data in the snapshot.', 'The organization or dataset cited as the source of the data.']","['Snapshot-level source information supports provenance tracking distinct from document-level producer metadata.', 'Data source information supports provenance tracking and assessment of data authority.', 'Data source is important for provenance tracking and assessment of reliability.']"
data_values,not_in_ontology,high,10,10,0.047619048,3,7,3,10,0,0,"['Meheba: 41,922 and 41%; Mayukwayukwa: 26,174 and 25%; Lusaka: 25,725 and 25%; Mantapala: 8,883 and 9%', '18, 33, 41, 45, 52, 128, 130, 200, 292, 1,250, 4,440, 8,000', '431; 489; 566; 573', 'Annual: 0.00, 7.00, 6.50, 10.00, 6.50, 5.00, 1.00; Cumulative: 0.00, 7.00, 13.50, 23.50, 30.00, 35.00, 36.00', 'Gueskerou: 15; Chetimari: 10; Kablewa: 6; Toumour: 4; Bosso: 2; Diffa: 2; N’Guigmi: 2; Maine-soroa: 1; Nguel Bely: 0; Foulatari: 0']",10,"['The numeric values explicitly displayed in the figure.', 'Key quantitative values associated with the represented categories or locations.', 'Numeric values shown in the table cells.']","['Capturing values exposes map-embedded data that may not be searchable in document metadata.', 'Capturing visible data values enables analytical reuse and retrieval of figures containing specific quantitative evidence.', 'Capturing displayed values improves analytical reuse when underlying data are not otherwise available.']"
comparison_groups,comparison_group,high,10,10,0.047619048,3,6,4,10,0,0,"['Europe & Central Asia; Low-income; Low-income group', 'West Bank & Gaza; M. East & North Africa; Lower-middle-income; Lower-middle-income group', 'Europe & Central Asia; Upper-middle-income group', 'Overall; Not Assisted; Food Assisted', 'Kalobeyei Refugees; Kakuma Refugees; Turkana Hosts; Urban Refugees; Urban Hosts']",10,"['Benchmark countries, regions, or income groups used for comparison.', 'Countries, regions, income groups, or benchmarks used for comparison.', 'Benchmark regions or peer groups used for comparison in the snapshot.']","['Comparator groups materially enrich discovery beyond the document-level country metadata.', 'Comparison groups reveal benchmarking context not fully captured by document-level metadata.', 'Comparison groups reveal analytical context not fully captured by the document-level country metadata.']"
y_axis_variable,indicator_name,high,10,10,0.047619048,1,10,0,10,0,0,"['Adjustment function value, inferred from the figure title', 'Growth rate', 'Real GDP index', 'Price; monthly returns', 'Financial indicators expressed relative to GDP, varying by panel']",8,"['The variable represented on the vertical axis.', 'The variable represented along the vertical axis or dependent measurement dimension.', 'The variable represented along the vertical axis.']","['The y-axis variable clarifies what numerical values in the plotted series measure.', 'The vertical-axis variable specifies what quantitative outcome is being compared.', 'The vertical-axis concept is necessary for interpreting the magnitude of the adjustment function but is not labeled in the snapshot.']"
comparison_dimension,category_dimension,medium,9,9,0.042857143,2,7,2,9,0,0,"['Year', 'Country or territory of origin: Syrian Arab Republic; Afghanistan; Iraq; Venezuela; Nigeria; Turkey; Russian Federation; Tunisia; Morocco; Pakistan; Guinea; Congo, DR', 'Sector', 'Assistance status', 'Baseline; Actual']",8,"['The dimension across which values are compared in the figure.', 'The dimension across which separate chart panels or groups are compared.', 'The main grouping variable used to compare the indicator across categories.']","['This identifies that the figure supports year-over-year comparison.', 'The comparison dimension enables discovery of data disaggregated by country or territory of origin.', 'Sector is the key comparative dimension for finding and reusing this chart.']"
research_topic,subject_summary,high,9,9,0.042857143,1,1,8,2,1,6,"['Child labor; survey design; labor force participation', 'Trade liberalization, trade protection, factor adjustment, employment and capital adjustment', 'Tariff changes effect estimation on factor adjustment', 'Kyoto Protocol investment determinants; greenhouse gas reduction projects; Activities Implemented Jointly', 'Determinants of AIJ investment and bilateral aid selection under climate policy mechanisms']",9,"['The substantive research topic represented by the table.', ""Topical concepts relevant to the figure's analytical content."", 'Main substantive topic or relationship analyzed in the table.']","['Topic metadata helps connect the table to relevant policy and research themes.', 'Topical metadata connects the figure to related policy and economic themes beyond the visible title.', 'This captures the table-specific policy relationship beyond the document title.']"
data_source_name,data_source,high,9,9,0.042857143,3,5,4,9,0,0,"['دراسة استقصائية لمناخ الاستثمار / Investment Climate Survey', 'Monitoreo de Frontera', 'ALCS 2013-14', 'SES; KIHBS', 'FAOSTAT Forest Trade Flows data']",8,"['The named source from which the figure data were derived.', 'The named survey, database, or source from which the figure data were derived.', 'Named dataset, survey, monitoring system, or source product cited for the data.']","['Data source information supports provenance tracking and assessment of reliability.', 'Source names provide provenance and help users assess comparability with other figures.', 'The data source name supports provenance tracking and comparison across figures from the same source.']"
administrative_level,geographic_granularity,high,8,8,0.038095238,2,4,4,8,0,0,"['Governorate / region', 'Governorate (Mohafazat) boundaries and capitals', 'Region; National aggregate', 'Governorate-level administrative areas; inferred from labels including Aleppo, Idlib, Raqqa, Homs, Daraa, and Rural Damascus', 'Province, territory, and locality/city labels are shown']",8,"['The geographic administrative level used to organize the rows of the table.', 'Administrative hierarchy or level represented in the map.', 'Administrative or geographic aggregation level represented by the table rows.']","['Administrative level enables spatial filtering and reuse of subnational data.', 'Administrative level is important for comparing maps and locating subnational information.', 'Administrative level helps users filter tables by subnational versus national estimates.']"
document_context,source_document_title,medium,8,8,0.038095238,2,7,1,0,8,0,"['Jordan - Enhancing Governance and Strengthening the Regulatory and Institutional Framework for Micro, Small, and Medium Enterprise (MSME) Development Project', 'Djibouti - Integrated Community Resilience Project; Project Appraisal Document; World Bank', 'Zambia - Refugee and Host Communities Project; Project Appraisal Document; World Bank; Project ID P503941', 'Sudan - Basic Education Emergency Support Project; Project Appraisal Document; World Bank; Education sector', 'Burundi - Second Social Action Project; Project Appraisal Document; World Bank; production date 2003-04-15']",8,"['The source document or project context in which the figure appears.', 'Document-level context that links the snapshot to its parent report or project.', 'Relevant document-level context linking the snapshot to the source project or publication.']","['Document context helps relate the figure to the surrounding MSME finance project record.', 'Document context helps users connect the map to the broader project and institutional source.', 'Project context helps catalog the figure within the broader World Bank operation without duplicating all document metadata.']"
analytical_method,analysis_method,high,8,8,0.038095238,1,2,6,8,0,0,"['KL (2000) test', 'DCGE model results', 'Revealed preference demand curve', 'Decomposition of risk into aggregate and idiosyncratic risk components', 'Poisson-selection model']",8,"['Named statistical or analytical method referenced in the figure.', 'The modeling or analytical method underlying the values shown.', 'The method, model, or analytical approach used to derive reported estimates.']","['Analytical methods are useful for discovering figures involving specific tests or methodologies.', 'Method metadata helps distinguish modeled projections from observed survey or administrative data.', 'Method metadata improves reuse by indicating how the consumption estimates were produced.']"
y_axis_measure,indicator_name,high,8,8,0.038095238,2,8,0,8,0,0,"['Number of human rights violations', 'Number of deaths', 'Percentage level of infrastructure development indicators', 'Share of total exports', 'Annual number of new RTAs; cumulative total']",8,"['Quantitative measure represented on the vertical axis.', 'Measure represented along the vertical axis.', 'Measure represented on the vertical axis.']","['The measured quantity is necessary to interpret and reuse the chart data.', 'The y-axis measure helps interpret the plotted values and supports automated chart understanding.', 'Clarifies what the plotted numeric scale measures.']"
figure_number,internal_identifier,high,8,8,0.038095238,3,8,0,8,0,0,"['Figure 8', 'شكل 2', 'Figure 6', 'Chart 3', 'Figure 18']",7,"['Number or label assigned to the figure within the source document.', 'The numbered label assigned to the figure within the document.', 'The sequential figure identifier assigned within the source document.']","['The figure number helps cite and distinguish this figure within the source document.', 'The figure number can help reference the snapshot within the document but adds limited topical discovery value.', 'A figure number supports citation, cross-reference, and navigation within the document.']"
snapshot_title,title,high,8,8,0.038095238,2,8,0,7,0,1,"['Tajikistan at a glance', 'Annex 10: Country at a Glance', 'Cambodia at a glance', 'Reconstruction Project for Eastern Slavonia, Baranja and Western Srijem - Country at a Glance', 'Burundi at a glance']",8,"['Title or heading identifying the snapshot content.', 'Title or headline identifying the figure or table content.', 'Title or heading identifying the figure, table, or composite data snapshot.']","['The title provides the primary searchable label for this multi-part country profile snapshot.', 'The title concisely describes the snapshot as a country-level summary useful for search and cataloging.', 'A clear title supports direct discovery of the country profile content.']"
table_number,internal_identifier,high,7,7,0.033333333,2,0,7,7,0,0,"['Table 3', '3', '4.1', 'Table 6a', 'Table 21']",5,"['Number or label assigned to the table within the source document.', 'The ordinal number assigned to the table within the document.', 'Number or sequence identifier assigned to the table within the document.']","['The table number helps reference and distinguish this table from other tables in the same document.', 'The table number helps distinguish this table from other tables in the same document.', 'The identifier helps reference and distinguish this table from related tables in the same document.']"
chart_title,title,high,7,7,0.033333333,3,7,0,7,0,0,"['Inflation (%); Export and import levels (US$ millions); Current account balance to GDP ratio (%); Composition of total debt, 1997 (US$ millions)', 'Inflation (%); Export and import levels (US$ mill.); Current account balance to GDP (%); Composition of 2001 debt (US$ mill.)', 'Inflation (%); Export and import levels (mill. US$); Current account balance to GDP ratio (%); Composition of total debt, 1996 (mill. US$)', 'CIVILIAN CASUALTIES BY TYPE OF ARMED VIOLENCE IN Q3 2020', 'Strength of Total Revenue and Total Expenditure Anti-Cyclicality']",5,"['Titles of embedded charts or graphical panels.', 'Titles of embedded charts associated with the table.', 'Titles of embedded charts or figure panels within the snapshot.']","['Chart titles concisely summarize specific indicators that may not appear in document-level metadata.', 'Chart titles expose additional summary visualizations embedded in the snapshot for search and browsing.', 'Chart titles summarize distinct visualized indicators within the compound snapshot.']"
indicator_value,not_in_ontology,high,7,7,0.033333333,2,5,2,7,0,0,"['515,730; 600,000; 0; 15,000; 12,000; 7,500; 5,600; 300; 500', 'Total Project Cost: 120.00; Total Financing: 120.00; Financing Gap: 0.00; Of Which Bank Financing (IBRD/IDA): 95.80', '1,651; 3,390; 124,164; 68,020; 1.05; 92%; 76,547; 62%; 19; 62%; 63,374; 9,494; 1,162; 236; 6,275; 1,371', '32,620', '1% refugees with disabilities']",7,"['Numeric values associated with indicators, baselines, and closing-period targets.', 'The numeric values associated with the reported indicators.', 'Reported numeric values associated with the indicators.']","['Indicator values make the table analytically reusable beyond document-level discovery.', 'Indicator values enable analytical reuse and comparison across project financing tables.', 'Capturing reported values supports analytical reuse and discovery of quantitative evidence.']"
source_document_title,source_document_title,high,7,7,0.033333333,2,4,3,0,7,0,"['Are commodity prices more volatile now ? a long-run perspective', 'Will markets direct investments under the Kyoto Protocol ?', 'Tajikistan - Education Reform Project (LIL)', 'Uganda - El Nino Emergency Road Repair Project', 'An exploration of the link between development, economic growth, and natural risk']",5,"['Title of the source document containing the snapshot.', 'Title of the PDF document containing the snapshot.', 'The title of the source document containing the table.']","['The containing document title provides provenance but adds limited semantic detail about this macroeconomic snapshot.', 'Document title provides provenance context for a portfolio table embedded within a project appraisal document.', 'Linking the figure to the source document provides provenance and contextualizes its analytical purpose.']"
significance_notation,interpretive_note,high,6,6,0.028571429,1,0,6,6,0,0,"['* significant at 10%; ** significant at 5%; *** significant at 1%', '*** significant at 1% level; ** significant at 5% level; * significant at 10% level', '*, ** and *** denote significance at the 10 percent, 5 percent and 1 percent levels, respectively']",3,"['Notation used to indicate statistical significance levels.', 'Meaning of statistical significance symbols used in the table.', 'The notation used to indicate statistical significance levels.']","['Significance notation supports interpretation of statistical findings.', 'Significance notation is important for interpreting regression tables and comparing findings.', 'Significance notation preserves interpretability of coefficient annotations.']"
aggregation_level,calculation_method,medium,6,6,0.028571429,2,0,6,6,0,0,"['Total; Annual; Cumulative', 'Location-level rows with country subtotals and an overall total', 'By province and violation/abuse category, with totals', 'Operation-level rows; Subtotal; Total', 'Location rows; country subtotal rows; overall total row with grand total 9,336,930']",6,"['Aggregation level or calculation basis applied to reported values.', 'The level or hierarchy at which data values are aggregated in the table.', 'Level at which the data are grouped or summarized.']","['Aggregation metadata clarifies whether values are totals, yearly amounts, or cumulative amounts.', 'Aggregation metadata helps users distinguish detailed location records from subtotal and total rows.', 'Aggregation level helps determine whether the table can be compared with other datasets.']"
project_id,project_identifier,high,6,6,0.028571429,1,1,5,0,6,0,"['P506969', 'P049581', 'P178125', 'P179040', 'P181174']",5,"['Project identifier associated with the source document and table.', 'Unique project identifier associated with the snapshot’s source project.', 'Unique project identifier associated with the table.']","['The project identifier supports precise linking and retrieval across project-related snapshots.', 'Project identifiers help link extracted tables to project records and related documents.', 'Project identifiers help link extracted table metadata to the broader project record.']"
outcome_variable,indicator_name,high,6,6,0.028571429,1,0,6,5,0,1,"['Main activity', 'Wage differentials', 'TFP (total factor productivity)', 'Position in occupation', 'Remits Indicator']",6,"['The dependent or outcome variable analyzed in the table.', 'The dependent variable or outcome analyzed in the table.', 'The dependent or outcome concept being explained or decomposed in the table.']","['Identifying the outcome is central for analytical reuse and subject-based discovery.', 'The outcome variable is central for analytical reuse and comparison across tables.', 'Identifying the outcome variable enables discovery of tables about productivity analysis.']"
measure_values,not_in_ontology,high,6,6,0.028571429,2,1,5,6,0,0,"['514,800; 514,800; 0; 2,000,000; 2,000,000; 0', '13.95; 6.98; 0.00; 1.55; 7.00; 5.40; 8.55', '3,787.55; 350.00; 5.00', 'Venezuela 81%; Cuba 13%; Perú 2%; Colombia 1%; Argentina 1%; Ecuador 1%; República Dominicana 1%; Otra 1%', '2587; 1261; 941; 809; 786; 725; 688; 679; 595; 585; 581; 570; 548; 523; 507; 461; 429; 323; 315; 270']",6,"['The numeric values reported in the visible table cells.', ""Numeric values reported for the table's financial measures."", 'The numeric values reported for the table categories.']","['Capturing numeric cell values supports analytical reuse and value-based search.', 'Storing representative measure values can support numeric search and downstream analytical reuse.', 'Capturing table values improves discovery of quantitative information not otherwise represented in document metadata.']"
data_quality_note,interpretive_note,high,6,6,0.028571429,2,5,1,6,0,0,"['1997 data are preliminary estimates; the diamonds show four key indicators in the country compared with its income-group average; if data are missing, the diamond will be incomplete', '1997 data are preliminary estimates; if data are missing, the diamond will be incomplete', '1997 data are preliminary estimates; diamonds show four key indicators in the country in bold compared with its income-group average; if data are missing, the diamond will be incomplete.', '1996 data are preliminary estimates; diamonds show four key indicators in the country compared with its income-group average; if data are missing, the diamond will be incomplete.', '1997 data are preliminary estimates; diamonds show four key indicators compared with income-group average and may be incomplete if data are missing']",6,"['Notes qualifying the interpretation, completeness, or status of the data.', 'Notes describing limitations, estimates, or missing-data conditions for the snapshot.', 'Notes describing data status, assumptions, or interpretation caveats.']","['Data notes improve provenance and prevent misinterpretation of preliminary or incomplete values.', 'Data quality notes support correct interpretation and provenance-aware reuse.', 'Data-quality notes are important for proper interpretation and reuse of statistical values.']"
document_type,not_in_ontology,high,6,6,0.028571429,1,1,5,0,6,0,['Project Appraisal Document'],1,"['Type of source document containing the table.', 'The type of source document containing the table.', 'Type of source document containing the snapshot.']","['Document type helps users distinguish appraisal-stage analytical tables from other project or evaluation documents.', 'Document type helps users contextualize the table within project documentation workflows.', 'Document type helps users filter snapshots by institutional publication context.']"
value_range,not_in_ontology,low,6,6,0.028571429,2,5,1,6,0,0,"['18 to 8,000 guarantees', '0–60', '34 to 139', 'Minimum 0; maximum 15', '0 to 12']",6,"['The minimum and maximum displayed values in the figure.', 'The numeric range shown on the chart axis for the measured indicator.', 'Minimum and maximum numeric values visible in the figure.']","['A value range provides a compact summary useful for filtering and assessing scale.', 'The displayed range helps users understand the scale of the plotted quantitative information.', 'Value ranges support analytical discovery and identification of extreme values.']"
unit_of_analysis,not_in_ontology,low,6,6,0.028571429,1,0,6,5,0,1,"[""State-level panel observations, inferred from state and year effects and the document abstract's reference to 15 major states of India over 1972-1995"", 'Household', 'Client-level analysis inferred from sample frame and dependent variable descriptions', 'Household and commune-level variables', 'Village level']",6,"['The observational unit represented by the rows of the underlying dataset or analysis.', 'Primary observational or analytical unit represented in the table.', 'The observational unit represented by rows or model observations.']","['Unit of analysis supports correct interpretation and reuse of the regression evidence.', 'Knowing that values are household-level improves analytical reuse and comparison with other household survey tables.', 'Unit of analysis is essential for understanding what each observation in the table represents.']"
disaggregation_dimension,population_group,high,6,6,0.028571429,2,4,2,6,0,0,"['Sex; grade or education level; country', 'حجم الشركة / company size', 'Gender; refugee or host community status; child age group; participation in climate resilience best practices', 'Gender', 'Sex']",6,"['Dimensions by which the data are broken down or compared.', 'The dimension by which the indicator is broken down into categories.', 'Dimensions used to break down or qualify indicators.']","['Disaggregation dimensions are important for equity analysis and structured reuse.', 'The disaggregation dimension enables comparison and retrieval of figures segmented by firm characteristics.', 'Disaggregation dimensions enable users to find gender-, refugee-, host-community-, and age-related indicator data.']"
financing_source,financing_source,high,6,6,0.028571429,1,0,6,4,0,2,"['IBRD/IDA', 'Bank-financing', 'World Bank Group; International Development Association (IDA); IBRD/IDA', 'International Development Association (IDA)', 'IBRD/IDA; International Development Association (IDA); Crisis Response Window (CRW)']",6,"['Institutional or funding source identified as contributing financing.', 'Source or provider of financing represented in the table.', 'Institutional source or financier associated with the reported financing.']","['Financing source is central to discovering and comparing project financing tables.', 'Financing source supports retrieval of tables about lender or donor contributions.', 'Financing source is a key facet for finding tables by donor or lending institution.']"
baseline_value,not_in_ontology,high,6,6,0.028571429,2,0,6,6,0,0,"['0', '1; No; 0', 'N', '0.00', '37.25%; 54.41%']",5,"['Initial reference values reported for indicators before or at the start of implementation.', 'Initial or baseline numeric value reported for an indicator.', 'Initial value reported for indicators at baseline.']","['Baseline values are essential for interpreting changes and target ambition.', 'Baseline values support analytical reuse of results framework data.', 'Baseline values help users identify starting conditions for monitored indicators.']"
subject_area,subject_domain,high,6,6,0.028571429,2,2,4,4,0,2,"['Prices and government finance; trade; balance of payments; external debt and resource flows', 'Project financing, total project cost, IDA resources, and expected disbursements', 'Procurement methods and prior review thresholds', 'Economic analysis; cost-benefit analysis', 'Strategic STEAM fields in technical education']",6,"['Broad thematic or analytical domains represented in the snapshot.', 'Broad semantic topic covered by the table.', 'The main thematic or analytical subject represented in the table.']","[""The snapshot covers macroeconomic and external finance topics not represented by the document's education-focused metadata."", 'Subject classification supports retrieval of tables about project costs and financing structure.', 'This captures the table-specific topic that is more precise than the broader document themes.']"
dependent_variables,indicator_name,high,6,6,0.028571429,1,0,6,6,0,0,"['Has loan from competitor; Loan size from competitor', 'Per capita expenditure; Per capita income', 'Rem/GDP; Log of Rem', 'Trectos; Tpaytoc; Ntcs', 'Net interest margin; Cost; Profit before tax']",6,"['Outcome variables modeled or summarized in the table.', 'Outcome variables or model dependent variables reported in the table.', 'Outcome variables reported across model columns.']","['Dependent variables identify the substantive indicators being analyzed.', 'These variables define what the regression results are estimating and are central for analytical reuse.', 'Dependent variables are central to interpreting regression tables and reusing their results.']"
subject_theme,subject_domain,high,5,5,0.023809524,3,2,3,3,0,2,"['Education; refugee education; public schools', 'Violations et abus de droits; monitoring de protection', 'Droits humains; violences basées sur le genre', 'Violations et abus des droits', 'Commodity price volatility']",5,"['The thematic subject area represented by the snapshot.', 'Broad thematic domain or topic represented by the table.', 'Broad thematic domain or topic represented by the snapshot.']","['Subject theme connects the figure to education and refugee-related discovery facets.', 'The theme supports discovery of protection and human-rights-related tables across documents.', 'Thematic metadata improves search and browsing across related human-rights tables.']"
country,geographic_scope,high,5,5,0.023809524,2,3,2,2,1,2,"['Jordan', 'Croatia', 'Somalia', 'Democratic Republic of the Congo, inferred from the country outline and inset location map', 'Democratic Republic of the Congo inferred from the map and the province name Nord Kivu']",5,"['Country to which the snapshot content primarily relates.', 'The country associated with the snapshot content.', 'The country context associated with the table.']","['Country-level tagging enables geographic discovery and aligns the map with document metadata.', 'Country remains useful for faceted search even though it is already available in document metadata.', 'Country metadata connects the table to geographic filtering even though the country name is not visible in the crop.']"
panel_dimension,category_dimension,medium,5,5,0.023809524,2,3,2,5,0,0,"['Strategic STEAM field', 'IT test; KL test', 'Year', 'A. Education Measured by University Degree; B. Education Measured by Years of Schooling', 'Conversion waves']",5,"['The dimension represented by separate panels or facets in the figure.', 'Facet or grouping variable used to split the figure into separate panels.', 'The dimension used to distinguish multiple panels within a figure.']","['Panel dimension clarifies the comparative structure of a multi-panel figure.', 'The panel labels identify the statistical tests being compared in the figure.', 'Panel dimension enables discovery and reuse of multi-panel figures organized by time or other comparative variables.']"
panel_titles,not_in_ontology,high,5,5,0.023809524,2,5,0,5,0,0,"['Monthly Price; Monthly Returns (% change) and KL (2000) test detected breaks', 'A. Enrollment pyramid, thousand (2017); B. Percent of Grade 3 pupils who could not read a single word of a short text in Arabic (2014 or the latest available)', 'C. Self employment (% of total employment); D. Non-contributor to pension scheme (% of labor force)']",3,"['Titles of subfigures or panels within a multi-part figure.', 'Titles of individual panels or subplots within a multi-panel figure.', 'Subfigure or panel headings within a multi-panel figure.']","['Panel titles reveal distinct indicators contained within the same figure.', 'Panel titles capture the distinct analytical views contained in the same snapshot.', 'Panel titles identify distinct outcomes contained within the same figure.']"
comparison_group,comparison_group,high,5,5,0.023809524,3,3,2,5,0,0,"['East Asia & Pacific; Low-income; Low-income group', 'Sub-Saharan Africa; Low-income; Low-income group', 'Europe & Central Asia; Low-income; Low-income group', 'Were enrolled in Syria; were not enrolled in Syria', 'Short vs Detailed questionnaire modules; Proxy vs Self-reported responses']",5,"['Benchmark regions or peer groups used for comparison with the primary geography.', 'Reference groups or benchmark categories used for comparison in the snapshot.', 'Benchmark countries, regions, or income groups used for comparison.']","['Comparison groups are important for finding snapshots with benchmarking data.', 'Comparison groups reveal that the snapshot benchmarks Burundi against regional and income-group averages.', 'Comparator groups reveal analytical context not fully captured by document-level country metadata.']"
project_component,project_component,high,5,5,0.023809524,1,0,5,5,0,0,"['Component 3: Project management', 'Component 2: Socio-economic infrastructure and Development of economic opportunities', 'Component 1: Social safety nets systems', 'Component Two', 'Emergency COVID-19 Response']",5,"['The project component or results area to which the table rows belong.', 'Project component or results-framework section to which the table entries belong.', 'Project component or subcomponent to which the indicators belong.']","['Component-level grouping supports retrieval of indicators by project workstream or results area.', 'This field groups indicators under a reusable project component and supports component-level discovery.', 'Component names connect individual indicators to the project structure and implementation area.']"
reference_date,reference_date,high,5,5,0.023809524,2,2,3,5,0,0,"['As of 15 Jan 2025', '10/13/98', '30 November 2023', '30 September 2023', '31 August 2022']",5,"['Date or time point to which the data values refer.', 'Date associated with the snapshot or data compilation.', 'The date as of which the table data are reported.']","['A reference date is needed to interpret and compare population figures over time.', 'A snapshot-specific date helps users distinguish data vintages within the same document or country.', 'A reference date is essential for time-sensitive population statistics and trend analysis.']"
chart_titles,title,high,5,5,0.023809524,1,5,0,5,0,0,"['Development diamond; Economic ratios; Growth rates of output and investment (%); Growth rates of exports and imports (%)', 'Inflation (%); Export and import levels (mill. US$); Current account balance to GDP ratio (%); Composition of total debt, 1995 (mill. US$)', 'Inflation (%); Export and import levels (mill. US$); Current account balance to GDP ratio (%); Composition of total debt, 1996 (mill. US$)']",3,"['Titles or captions of embedded charts within the snapshot.', 'Titles of embedded chart panels within the snapshot.', 'Titles of embedded charts or subfigures within the snapshot.']","['Chart titles expose additional figure-level content that may not be captured by table headings alone.', 'Panel titles identify distinct analytical views within the multi-part snapshot.', 'Subfigure titles expose additional analytical content inside a composite page.']"
statistic_type,measure_type,high,5,5,0.023809524,1,2,3,5,0,0,"['Average', 'Percentage share', 'Percentage distribution', 'Share of expenditure; average cost']",4,"['Type of statistic reported in the figure.', 'Type of statistic represented by the plotted values.', 'Type of statistical measure represented by the reported values.']","['Knowing the statistic type helps distinguish shares from counts, rates, or averages.', 'Knowing that the values are percentages supports analytical comparison across categories.', 'The statistic type clarifies whether values are percentages, averages, totals, or other measures.']"
education_level,category_dimension,medium,5,5,0.023809524,2,3,2,4,0,1,"['Basic 1–8; Secondary 1–3; Grade 3', 'Basic education; primary education; Grade 1; Grade 8', 'Grade 3; basic/primary education inferred from document context', 'Preschool, primary and secondary', 'Primary level; Secondary level; Tertiary level']",5,"['Education grade, level, or stage represented in the figure.', 'Education level, cycle, or grade level covered by the data.', 'The education level or grade associated with the snapshot content.']","['Education level supports targeted discovery of basic, secondary, and grade-specific education data.', 'Education level is central for comparing education-sector figures across documents.', 'Education level enables more precise discovery within education-sector figures.']"
data_collection_method,data_collection_method,high,5,5,0.023809524,2,1,4,4,1,0,"['Focus Group Discussion', 'monitoring de protection', 'Focus Group Discussion (FGD)', 'Monitoring de protection', 'Firm-level survey']",5,"['Method or modality used to collect the information summarized in the table.', 'Method or mechanism by which the reported data were collected.', 'Method used to collect the information summarized in the table.']","['Supports filtering and comparison by research or consultation method.', 'Collection method provides provenance context for interpreting reported violations.', 'Supports discovery of tables based on research or consultation method.']"
temporal_frequency,temporal_granularity,high,5,5,0.023809524,1,5,0,5,0,0,"['Monthly', 'Quarterly', 'Annual']",3,"['The periodicity of the observations shown in the figure.', 'Frequency or periodicity of the observations represented.', 'Frequency at which the underlying time-series observations are measured.']","['Temporal frequency helps users distinguish quarterly data from annual or monthly series.', 'Monthly frequency supports comparison with other time-series datasets and figures.', 'Frequency supports discovery of datasets appropriate for monthly time-series analysis.']"
target_value,not_in_ontology,high,5,5,0.023809524,2,1,4,5,0,0,"['300; 800; 100; 80', '12; 6; 20; 10; 5; 70; 2,000; 1,300; 1,500; 900; 500', 'Y', '10.00', '91,000']",5,"['Target numeric value reported for an indicator.', 'Planned target values reported for indicators or subindicators.', 'Planned end target or desired value for an indicator.']","['Target values are key data points for comparing intended project outcomes.', 'Target values support analytical reuse of results-framework tables.', 'Target values enable discovery and comparison of planned project outcomes.']"
explanatory_variables,indicator_name,medium,5,5,0.023809524,1,0,5,5,0,0,"['Pos Shortage; ShortageW; ShortageB; ShortageK; Open; squared and interaction terms among shortages, Pos, and Open', 'Constant; Revenue mobilization rating, 1999; Fuel exports/GNI, 1999-2005; Metals exports/GNI, 1999-2005; Log GDP per capita, 1999; Annual average GDP growth, 1999-2005; Political rights, 1999; Change in political rights, 1999-2006; Infant mortality, 1995; Log population, 1999; regional indicators', 'Have computer; Have color TV; Have mobile; Have motorbike; Have refrigerator; Have telephone; Household size; Log of living area per capita; Flush toilet; Permanent house type; Proportion of working members without vocational training; Proportion of working member to household size; Proportion of households having mobile in commune; Proportion of concrete road in commune; Proportion of household having no toilet in commune', 'Reform dummy; Director and secretary elected; Director & secretary elected*Reform dummy; Leaders’ knowledge of law; Share of households with land certificate; Village per capita income; Share of agriculture', 'Initial GDP per capita; Schneider Shadow Economy; Heritage Foundation Informal Market; Self Employment; Non-contributor to Pension Scheme']",5,"['Independent variables or predictors included in the model.', 'Independent variables, controls, or predictors included in the model.', 'Specific predictor variables or covariates included in the table.']","['Predictor variables reveal the mechanisms and policy variables tested in the table.', 'Variable names are central to searching for specific empirical relationships in regression tables.', 'Indexing predictor variables greatly improves discovery of tables containing household assets, housing, labor, and infrastructure variables.']"
legend_categories,category_labels,high,5,5,0.023809524,2,5,0,5,0,0,"['Main drainage canals; secondary drainage canals; drainage pump stations; wastewater treatment plant (proposed); wastewater collection system (proposed); catchment area to be drained; rivers; county boundaries; international boundaries', '1–10; 11–100; 101–1000; 1001–5000; 5001–10000; 10001–30000; >30000 confirmed cases', ""Airports/airfields; major highways; two or more lanes, hard surfaced roads; railroads; built-up areas; UNRWA refugee camps; Israeli settlements; armistice demarcation lines, 1949; no-man's land areas, armistice demarcation line, 1949; Jerusalem city limit, unilaterally expanded by Israel June 1967, then annexed July 30 1980; international boundaries"", 'Roads; selected towns and cities; national capital; international boundaries; rivers']",4,"['The categories or symbol classes defined in the map legend.', 'The categorical value ranges used in the figure legend.', 'Legend entries explaining symbols and line types used in the map.']","['Legend categories summarize the semantic content encoded in the map.', 'Legend categories expose data bins that are often unavailable from document-level metadata.', 'Legend categories enable discovery of specific mapped features such as refugee camps, settlements, and transport infrastructure.']"
thematic_domain,subject_domain,high,5,5,0.023809524,2,5,0,4,0,1,"['Poverty and Social; Key Economic Ratios and Long-Term Trends; Structure of the Economy', 'Macroeconomic indicators covering prices, government finance, trade, balance of payments, external debt, and resource flows', 'Access to finance; bank lending; Financial Sector', ""Protection / humanitarian assistance (inferred from responsibility domains such as protection de l'enfant, violence basée sur le genre, lutte antimine, protection générale, logement terre et propriété)"", 'Protection; gender-based violence; child protection; psychosocial support; disability services; explosive ordnance risk education; emergency cash assistance']",5,"['Major subject areas or sections covered by the snapshot.', 'Broad subject domain represented by the table and accompanying charts.', 'The broad subject area or policy domain represented by the figure.']","['Thematic domains improve discovery of data by broad socioeconomic topic.', 'Thematic domain supports discovery of macroeconomic content that is not prominent in the document metadata.', 'Thematic metadata connects the figure to finance-sector discovery beyond the document title.']"
analysis_type,analysis_method,high,5,5,0.023809524,2,0,5,5,0,0,"['Cost-effectiveness analysis', 'Determinants analysis with marginal effects and significance levels', 'OLS regressions with robust standard errors', 'Regression analysis', 'Regression results']",5,"['Type of analytical assessment summarized in the table.', 'The type of statistical or analytical presentation used in the table.', 'The statistical or analytical method used to produce the table results.']","['Analysis type helps users find tables containing economic, financial, fiscal, or other evaluative analyses.', 'Analysis type helps users find regression-style or determinant tables rather than descriptive tabulations.', 'The estimation method is essential for finding and comparing quantitative empirical results.']"
row_labels,row_dimension,high,5,5,0.023809524,3,0,5,5,0,0,"['Total Project Cost; Total Financing; of which IBRD/IDA; Financing Gap', 'Component 3: Civic engagement, social cohesion, monitoring and operational support; Total Costs', 'Septembre; Octobre; Total', 'MMWPv; MMWPu; Effect', 'Bolivia; Colombia; Peru; TOTAL']",5,"['Labels for the row categories or line items shown in the table.', 'The visible category labels or row headings in the table.', 'Labels of the row categories present in the table.']","['Row labels expose the specific financial concepts contained in the table.', 'Row labels expose specific project components and totals that may not be indexed elsewhere.', 'Row labels improve discovery of the specific temporal categories and totals included.']"
indicator_domain,subject_domain,high,5,5,0.023809524,3,2,3,4,0,1,"['Poverty and Social; Key Economic Ratios and Long-Term Trends; Structure of the Economy; Development diamond; Economic ratios; Growth rates of output and investment; Growth rates of exports and imports', 'Intra-urban area coordination mechanisms; Urban Growth Planning roadmap; baseline assessments of existing urban extent', 'Health facility supervision; government budget allocation; budget support transition; private sector contracting; medical waste management; health personnel training', 'Energy/cooking fuels; education; employment; food security (inferred)', 'Financial depth indicators']",5,"['Broad thematic domains or analytical sections represented in the snapshot.', 'The substantive policy or program domains represented by the indicators.', 'Thematic domains represented by the indicators in the table.']","['Indicator domains support topical discovery across multi-indicator statistical profiles.', 'Capturing indicator domains supports thematic search beyond the exact wording of indicator names.', 'Domain-level indexing supports discovery when users search by policy or operational theme rather than exact indicator text.']"
row_category_labels,category_labels,high,4,4,0.019047619,2,0,4,4,0,0,"['Lubero; Masisi; Nyiragongo; Oïcha; Rutshuru; Autres (Butembo, Goma, Walikale); TOTAL', 'Garçons; Filles; Hommes; Femmes; Personnes âgées hommes; Personnes âgées femmes; Persones vivant avec handicap; Total', 'Femme; Homme; Total', 'Vojvodina; West Serbia; Central Serbia; East Serbia; Southeast Serbia; Total']",4,"['Labels of the row categories used in the table.', 'Categories listed down the table rows.', 'Labels of categories appearing in the table rows.']","['Row labels expose the specific geographic categories available for search and reuse.', 'Row category labels support retrieval of tables containing specific demographic or vulnerability groups.', 'Category labels reveal the populations or groups represented in the table.']"
estimation_method,analysis_method,high,4,4,0.019047619,1,1,3,3,0,1,"['Authors’ estimation; small area estimation from document context', 'Probit; Probit IV; Tobit; Tobit IV', 'GMM-IV System Estimator', 'OLS; IV']",4,"['The method or analytical approach used to produce the represented estimates.', 'The statistical or econometric method used to estimate results in the table.', 'The statistical or econometric estimation method used to generate the reported results.']","['Method metadata helps distinguish model-based estimates from directly observed survey statistics.', 'Estimation methods are valuable for users searching for specific analytical approaches.', 'The estimator is essential for users searching for or comparing econometric methods across tables.']"
as_of_date,reference_date,high,4,4,0.019047619,2,1,3,4,0,0,"['January 31, 1999', 'December 31, 1997', '31 August 2022', '30 June 2023']",4,"['The point-in-time date for which the table values are reported.', 'The reporting date at which the table values are stated.', 'The date through which the mapped information is stated to be current.']","['The as-of date is essential for interpreting portfolio balances and comparing financial snapshots over time.', 'An as-of date is critical for interpreting status tables and comparing financial data over time.', 'The as-of date is critical for time-sensitive operational presence information.']"
dependent_variable,indicator_name,high,4,4,0.019047619,1,0,4,4,0,0,"['Log Nat Expenditure; Evaluated in pesos', 'Net loans from the central government to the state', 'Aid/GNI, 1999-2005', 'Poverty Headcount index, latest year']",4,"['The dependent or outcome variable used in the model or analysis.', 'The outcome variable analyzed in the table.', 'The outcome variable or main indicator being modeled in the table.']","['The dependent variable is central for understanding what the reported coefficients and estimates explain.', 'The dependent variable identifies the main fiscal outcome represented by the regression results.', 'Identifying the dependent variable is essential for discovering and reusing regression results.']"
geographic_unit_type,geographic_granularity,high,4,4,0.019047619,3,1,3,3,0,1,"['State', 'Zones de santé', 'Cities or urban service areas, inferred from place names and document context', 'Country; aggregate total']",4,"['The type of geographic subdivision used as the analytical unit.', 'The type of geographic or administrative units used as categories in the table.', 'The type of geographic units used as observations in the table.']","['Geographic unit type helps distinguish national, regional, state, district, or school-level results.', 'Identifying the unit type supports comparison across tables using similar administrative levels.', 'Knowing the geographic unit type helps users compare city-level tables separately from national or regional tables.']"
data_provider,source_organization,high,4,4,0.019047619,3,4,0,4,0,0,"['Ministry of Home Affairs and Internal Security (MoHAIS)', 'ACNUR / UNHCR, The UN Refugee Agency', 'World Bank', 'UN COMTRADE']",4,"['The organization identified as providing or originating the data in the snapshot.', 'Organization associated with producing or providing the data.', 'The organization credited as providing or publishing the underlying data.']","['Data provider distinguishes the map data source from the document publisher.', 'Identifying the provider supports provenance, authority assessment, and organization-based discovery.', 'The provider supports provenance tracking and filtering by institutional data source.']"
column_labels,category_labels,high,4,4,0.019047619,3,0,4,4,0,0,"['2020; 2021; 2022; 2023; 2024; 2025; 2026', 'T1; T2; T3; T4', 'Urban; Rural', '1990; 1995; 2000; 2002; 2004']",4,"['Labels used for the table columns.', 'The labels used for the table’s column categories.', 'The category labels listed in the table columns.']","['Column labels expose the specific fiscal years available in the table.', 'Column labels expose the temporal categories represented in the data.', 'Column labels enable discovery of tables with urban-rural comparisons.']"
intervention_type,intervention_type,high,4,4,0.019047619,3,1,3,4,0,0,"['Design studies; assessment; establishment of technical assistance units', 'Food assistance', 'cash assistance', 'Vaccination']",4,"['Types of project interventions or activities represented by the indicators.', 'Type of assistance, intervention, or program status represented in the table.', 'The program, intervention, or assistance modality being assessed.']","['Intervention type enables comparison of similar project activities across documents and tables.', 'Intervention type improves discovery of tables related to food assistance programming.', 'Identifying the intervention enables discovery of tables related to specific program modalities.']"
map_scale,not_in_ontology,high,4,4,0.019047619,2,4,0,4,0,0,"['0 to 4 kilometers', 'Kilometers and miles scale bars shown; main map scale approximately 0–15 kilometers and 0–10 miles', '0–50 kilometers; 0–50 miles', '100KM scale bar']",4,"['The distance scale represented on the map.', 'Scale information provided for distance interpretation on the map.', 'Distance scale displayed on the map.']","['Scale supports assessment of whether the map is useful for local, regional, or national analysis.', 'Scale metadata supports cartographic reuse and comparison across maps.', 'Scale supports assessment of geographic detail and analytical reuse.']"
control_variables,analysis_method,medium,4,4,0.019047619,1,0,4,4,0,0,"['Real state income per capita; Total population', 'Province dummies included but not reported', 'Cfw; Growth; Cashta; Exchrgr', 'Initial GDP per capita']",4,"['Additional covariates included in the analysis.', 'Control variables or fixed effects included in the analysis but not necessarily displayed as rows.', 'Control variables included in the model specification.']","['Control variables help users assess model specification and analytical comparability.', 'Controls and fixed effects are important for interpreting regression specifications.', 'Control-variable metadata improves analytical reuse and comparison across regression tables.']"
measurement_scale,unit_of_measure,medium,4,4,0.019047619,2,4,0,4,0,0,"['Percentage distribution across education categories', 'Numeric axis ranging approximately from 0 to 3.5', 'Law and Order index: higher, better; Business Regulatory Freedom index: higher, less regulated; Average Years of Secondary Schooling; Sociodemographic Factors, standardized']",3,"['The numeric scale or type of measurement used for the data values.', 'Type of quantitative measurement represented by the values.', 'The numeric range or scale on which the indicator is displayed.']","['Knowing that values are integers helps characterize the data even when the underlying indicator is missing.', 'Knowing that values represent a distribution improves analytical reuse and comparison across categories.', 'The visible scale helps users interpret relative magnitudes even when the precise unit is not labeled.']"
model_specification,analysis_method,high,4,4,0.019047619,1,1,3,4,0,0,"['Baseline estimation; all other shortages=0', 'Probit; Tobit', 'Baseline; Income; Family; All', 'Instrumenting migration variable only; Instrumenting both migration and FD variables']",4,"['Model condition, estimation setting, or analytical specification used to generate the displayed results.', 'Statistical or econometric model types used to generate the reported estimates.', 'The regression or analytical specifications represented by table rows.']","['Model specification is essential for interpreting and comparing estimated curves across figures.', 'Model specification supports retrieval of tables using particular analytical methods.', 'Specification labels support discovery and comparison of estimates under alternative controls.']"
measure_type,measure_type,high,4,4,0.019047619,2,1,3,4,0,0,"['Counts and percentage shares', 'Count', 'Population counts by group and total', 'Percentage distribution of responses by assistance status']",4,"['The kind of quantitative measures displayed for the indicator.', 'Type of quantitative measure shown in the data cells.', 'The type of quantitative measurement reported in the table.']","['Measure type clarifies how the refugee population is quantified in the map.', 'Knowing that the values are counts supports comparison and analytical reuse.', 'This distinguishes counts from rates, percentages, or financial values.']"
measure_name,indicator_name,high,4,4,0.019047619,2,0,4,4,0,0,"['Cost', 'Financing amount', 'Total Inter-Agency Requirements', 'percentage of female beneficiaries reporting each barrier']",4,"['The quantitative measure reported in the table.', 'Name of the quantitative measure reported in the table.', 'The quantitative measure reported in the table values.']","['The measure name is essential for retrieving tables containing financial amounts or other indicators.', 'A reusable measure label makes the numeric values searchable and comparable across tables.', 'The measure name is central for retrieving and comparing tables about financial requirements.']"
indicator_values,not_in_ontology,high,4,4,0.019047619,2,1,3,4,0,0,"['Examples include 56.58%, 51.99%, 13.59%, 20.28%, and other percentage poverty-rate values by region and before/after category', 'Direct project beneficiaries: 0.00, 90500.00, 300500.00, 300500.00, 300500.00; Female beneficiaries: 0.00, 50.00, 50.00, 50.00, 50.00', '76,067; 35,416; 215,942; 53%; 46%; 67.7%; 48%; 21%', '230,390; 441,957; 282,522; 316,641; 328,917']",4,"['Numeric values reported for the indicator across table categories.', 'Numeric values reported for each indicator across the table columns.', 'Reported numeric values associated with the indicators in the snapshot.']","['Capturing reported values supports data discovery and reuse beyond the document-level metadata.', 'Capturing the reported values enables discovery of quantitative evidence embedded in tables.', 'Capturing headline values enables discovery of quantitative facts otherwise embedded only in the image.']"
statistical_measures,measure_type,high,4,4,0.019047619,1,0,4,4,0,0,"['Coef.; Std. Err.; P-value', 'Mean; S.D.', 'Regression coefficients; robust standard errors; mean of dependent variable; observations; number of groups; R-squared']",3,"['The statistical quantities reported for each model variable.', 'Statistical quantities reported for each model variable.', 'Statistical measures reported in the table columns.']","['These measures indicate the table contains inferential regression outputs useful for analytical reuse.', 'These measures enable users to identify tables containing coefficients, uncertainty estimates, and significance levels.', 'Statistical measures are essential for discovering tables containing summary statistics.']"
statistical_method,analysis_method,high,4,4,0.019047619,1,3,1,4,0,0,"['KL (2000) test detected breaks', 'IT test; KL test', 'Regression analysis; first-stage regressions']",3,"['Named analytical or statistical method associated with the displayed results.', 'Statistical method, test, or model referenced in the snapshot.', 'Named statistical method or test referenced in the figure.']","['Method metadata improves discovery for users looking for results based on specific structural break tests.', 'The named test provides methodological context for the detected structural breaks.', 'Methods metadata enables retrieval of figures using specific analytical techniques.']"
snapshot_date,reference_date,high,4,4,0.019047619,1,4,0,4,0,0,"['10/1/98', 'June 1997', '9/4/97']",3,"['Date explicitly associated with the snapshot content.', 'Date or period explicitly associated with the snapshot itself.', 'Date printed or associated with the snapshot itself.']","['The snapshot date helps distinguish this statistical profile from other country-at-a-glance editions.', 'The map date is important for interpreting the currency of the spatial information.', 'The snapshot date helps distinguish this country profile from other editions or time-varying statistical summaries.']"
section_headings,subject_domain,medium,4,4,0.019047619,1,4,0,4,0,0,['PRICES and GOVERNMENT FINANCE; TRADE; BALANCE of PAYMENTS; EXTERNAL DEBT and RESOURCE FLOWS'],1,"['Named sections or panels organizing the table or multi-panel snapshot.', 'Major topical sections organizing the indicators in the snapshot.', 'Major internal sections or thematic blocks within a table or compound data snapshot.']","['Section headings expose the internal structure and improve discovery within composite statistical tables.', 'Section headings reveal the snapshot’s substantive coverage beyond the project-focused document metadata.', 'Section headings help users locate specific groups of indicators within a dense multi-topic table.']"
y_axis_value_range,indicator_name,medium,4,4,0.019047619,2,4,0,4,0,0,"['0.0 to 1.0', '0% to 40% approximately, with labeled ticks at 10%, 20%, 30%, and 40%']",2,"['The numeric range displayed on the vertical axis.', 'Displayed numeric range of the value axis.', 'Range of values shown on the vertical axis.']","['The plotted range helps assess magnitude and comparability with other percentage-based figures.', 'The vertical range indicates the scale of the plotted adjustment-function values.', 'The displayed value range supports interpretation and potential reuse of the plotted data.']"
document_title,source_document_title,high,4,4,0.019047619,2,2,2,0,4,0,"['Lebanon - Emergency Education System Stabilization Project', 'Investment in natural gas pipelines in the Southern Cone of Latin America', 'Trade and growth in Ecuador : a partial equilibrium view', 'Education and wage differentials in the Philippines']",4,"['The title of the source document containing the table.', 'Title of the source document containing the table.', 'Title of the source document containing the figure.']","['The document title provides contextual provenance but is less specific than snapshot-level metadata.', 'The document title links the snapshot to the broader study on natural gas infrastructure and regional energy investment.', 'The document title provides provenance and broader topical context for the table.']"
summary_total,not_in_ontology,high,4,4,0.019047619,2,0,4,4,0,0,"['Total shown: 75 primary health care centers and 150,690 beneficiaries', '315', '1,859 total violations; 100%', '2,345 total violations; 100% total share']",4,"['Aggregate total values explicitly reported in the table.', 'Aggregate total reported for the quantitative indicator.', 'Overall total or aggregate value reported in the table.']","['Totals help users quickly assess the scale of the data summarized in the table.', 'A reported total supports quick assessment and comparison across similar tables.', 'The aggregate total supports quick assessment of scale and analytical reuse.']"
thematic_area,subject_domain,high,3,3,0.014285714,2,1,2,2,0,1,"['Foundational learning; reading, writing and numeracy; educational resources; teacher professional development; national foundational learning campaign; secure Wifi connection; learning platform; energy efficiency standards', 'Protection', 'GBV; CP']",3,"['Subject matter or policy theme represented by the table contents.', 'The broad programmatic or subject area represented by the snapshot.', 'The thematic or sectoral area associated with a reported indicator or section.']","['Thematic areas enrich document-level education metadata with the specific topics present in this table.', 'This supports thematic filtering and retrieval of snapshots related to protection programming.', 'Thematic areas support faceted browsing and retrieval of sector-specific needs data.']"
map_date,reference_date,high,3,3,0.014285714,1,3,0,3,0,0,"['May 1998', 'May 2011', 'February 1999']",3,"['The date printed on the map snapshot.', 'Date associated with the map or cartographic product.', 'Date printed on or associated with the map.']","['The map date helps users assess temporal relevance and distinguish map versions.', 'Map date is important because boundaries, roads, and place names can change over time.', 'Map date helps users assess temporal relevance and distinguish map versions.']"
location_names,geographic_entities,high,3,3,0.014285714,2,2,1,3,0,0,"['Meheba; Mayukwayukwa; Lusaka; Mantapala', 'Aleppo; Hassakeh; Idlib; Latakia; Hama; Tartous; Homs; Damascus; Rural Damascus; Quneitra; Daraa; Sweida; Raqqa; Deir es Zour', 'Examples include Other, IDP Camp, Lusenda, Meri, Maratane Camp, Meheba, Dzaleka, Tongogara, Osire, Dukwe']",3,"['Specific places, settlements, cities, or sites represented as data locations.', 'Named geographic units visible in the figure.', 'Named camps, settlements, sites, or other locations used as subnational rows.']","['Named locations make the figure searchable for settlement- or city-level refugee information.', 'Location names make otherwise visual map content discoverable by place.', 'Location names enable granular discovery beyond country-level metadata.']"
map_title,title,high,3,3,0.014285714,1,3,0,3,0,0,"['JORDAN COMMUNITY INFRASTRUCTURE PROJECT: LOCATION OF SQUATTER SETTLEMENTS IN GREATER AMMAN', 'Croatia Reconstruction Project for Eastern Slavonia, Baranja and Western Srijem', 'WEST BANK and GAZA']",3,"['Title or caption describing the subject of a map snapshot.', 'The title or primary heading of a map snapshot.', 'Title or heading identifying the subject of the map.']","['The title directly identifies the project, feature type, and local geographic focus of the map.', 'The map title directly identifies the project and geographic focus represented in the snapshot.', 'The map title is the primary searchable label for understanding the snapshot independently of the document.']"
measure_names,indicator_name,high,3,3,0.014285714,2,0,3,3,0,0,"['# incidents; % incidents', 'Share in total subsidy; domestic price; domestic subsidized price; price at the Yemen border; total annual subsidy; total subsidy reduction; subsidy as a percentage of import prices; total fuel subsidy', 'Tariffs; NTBs']",3,"['The quantitative measures reported for each category.', 'The named quantitative measures reported in the table.', 'The named measures or variables reported as table columns or column groups.']","['Measure names reveal that both counts and shares are available for analytical reuse.', 'Measure names make the table reusable for finding specific subsidy, price, and savings variables.', 'Measure names expose the specific quantitative content available for analytical reuse.']"
transportation_features,location_type,high,3,3,0.014285714,1,3,0,3,0,0,"['Main roads; Secondary roads', 'Airports/airfields; major highways; two or more lanes, hard surfaced roads; railroads', 'Roads; route connections labeled to Bukavu, Uvira, Butare, Nyakanazi, Kibondo, and Kigoma']",3,"['Transport infrastructure types represented as map features.', 'Transportation infrastructure classes represented in the map.', 'Transportation networks or routes depicted in the snapshot.']","['Transport layers provide useful context for infrastructure and accessibility analysis.', 'Transportation features are analytically useful for infrastructure and accessibility-related discovery.', 'Transportation features are useful for finding maps relevant to access, infrastructure, and connectivity.']"
model_fit_statistic,indicator_name,medium,3,3,0.014285714,1,0,3,3,0,0,"['R-sq=0.52 for model (1); R-sq=0.54 for model (2)', 'R-squared: 0.33 for white collar adjustment; 0.31 for blue collar adjustment; 0.31 for capital adjustment', 'R-squared values shown as 0.5, 0.5, 0.1, 0.1, and 0.5 across visible columns']",3,"['Goodness-of-fit statistics reported for the model specifications.', 'Goodness-of-fit statistic reported for the model.', 'Model fit or diagnostic statistics reported in the table.']","['Model fit statistics help users assess and compare empirical results across tables.', 'Model fit statistics support comparison and assessment of estimated models.', 'Model fit statistics help users assess and compare regression specifications.']"
calculation_note,calculation_method,high,3,3,0.014285714,3,0,3,3,0,0,"['Population weights used for poverty rate calculation', 'Labor income has been computed for male workers aged [14,35]', 'Occupied parcels are evaluated using the median prices corresponding to the respective communities; rented-in and borrowed-in parcels are excluded while computing the value of land occupied by the household.']",3,"['Methodological note explaining how the values were calculated or weighted.', 'A methodological note explaining how the reported values were computed or scoped.', 'Footnote or note describing how a variable or statistic was computed.']","['Calculation notes provide context needed to interpret and reuse the estimates.', 'Calculation notes preserve methodological context needed for correct reuse.', 'Calculation notes preserve methodological context needed to interpret land value indicators correctly.']"
calculation_method,calculation_method,high,3,3,0.014285714,2,0,3,3,0,0,"['Simulation using EDAM 4', 'Own calculation', 'Authors’ calculations; tariff changes are unweighted; nontariff barriers are estimated using a price-differential decomposition.']",3,"['Model, method, or analytical approach used to generate the reported values.', 'A statement of how the table values were generated or derived.', 'Methodological information about how reported values or changes were calculated.']","['Method information helps users identify simulated estimates and compare tables using similar approaches.', 'Calculation method helps distinguish original estimates from directly reported source data.', 'Calculation methods provide essential context for interpreting and comparing quantitative table values.']"
comparison_type,comparison_group,medium,3,3,0.014285714,2,1,2,3,0,0,"['Within-country comparison by gender, location, wealth quintile, and grade; cross-country comparison of GER', 'Before-after comparison', 'Pre-test versus post-test comparison']",3,"['Type of comparison enabled by the figure.', 'Type of comparison represented by the table columns or categories.', 'Type of comparison represented by the table.']","['Comparison type helps users find figures suited to benchmarking or equity analysis.', 'Comparison type improves discovery of tables showing simulated or temporal changes.', 'Comparison type is useful for discovering evaluative or before-after data.']"
parent_document_title,source_document_title,high,3,3,0.014285714,1,3,0,0,3,0,"['Trade integration as a way forward for the Arab world : a regional agenda', 'Africa and Arab Gulf states : divergent development paths and prospects for convergence', ""Services in Doha : what's on the table ?""]",3,"['The title of the source document containing the figure.', 'The title of the source document containing the snapshot.']","['The parent title provides context for interpreting the figure within a regional trade integration agenda.', 'The parent title provides context for why Oman and Botswana are being compared but is less specific than snapshot-level metadata.', 'The parent title provides contextual retrieval value when the figure is indexed independently.']"
subnational_geographic_units,geographic_entities,high,3,3,0.014285714,1,2,1,3,0,0,"['Obock; Tadjourah; Djibouti; Arta; Ali Sabieh; Dikhil', 'North-Western, Western, Lusaka, Northern, Luapula, Muchinga, Copperbelt, Central, Eastern, Southern', 'Mogadishu; Garowe; Hargeisa']",3,"['Administrative or subnational areas shown or referenced in the snapshot.', 'Named subnational administrative areas visible or referenced in the snapshot.', 'Cities, municipalities, regions, or other subnational locations referenced in the table.']","['Subnational place names improve discovery beyond the document-level country metadata.', 'Subnational units improve discovery of geographically specific data within the country.', 'The table contains city-specific content that is more granular than the document-level country metadata.']"
age_group,population_group,high,3,3,0.014285714,1,0,3,3,0,0,"['15–18 years; 19–24 years', 'Women: 19–59; Men: 19–59 and 60+; Adolescent Boys: 14–18; Adolescent Girls: 14–18', 'Adults; Children']",3,"['Age categories used to break down the data.', 'Age ranges or age categories associated with the represented population groups.', 'Age-based population categories represented in the table.']","['Age-group breakdowns are important for demographic filtering and analytical reuse.', 'Age-group metadata supports demographic filtering and assessment of participant composition.', 'Age groups allow filtering and comparison of needs affecting adults and children.']"
value_type,measure_type,high,3,3,0.014285714,1,3,0,3,0,0,"['Absolute numeric counts', 'Share or proportion of cases; inferred from percentage values in a pie chart', 'Percentage distribution within each service category and year']",3,"['Type of quantitative value displayed in the figure.', 'The statistical nature of the reported values, such as count, percentage, rate, or index score.', 'The type of quantitative value encoded in the figure.']","['Distinguishing counts from percentages or rates supports analytical reuse.', 'Value type helps users understand whether the figure reports composition, magnitude, or another measurement form.', 'This clarifies that values are proportional shares rather than counts or totals.']"
x_axis_value_range,not_in_ontology,high,3,3,0.014285714,1,3,0,3,0,0,"['-2 to 2', 'Approximately -2 to 2']",2,"['The numeric range displayed on the horizontal axis.', 'Range of values shown on the horizontal axis.']","['The axis range helps characterize the domain over which the adjustment functions are evaluated.', 'Axis ranges help users assess the analytical domain covered by the figure.', 'Axis range helps interpret the domain over which the adjustment function is plotted.']"
estimate_type,measure_type,medium,3,3,0.014285714,1,0,3,3,0,0,"['Regression coefficients with significance markers', 'Marginal effects reported for the probit specifications; regression estimates with standard errors in parentheses', 'Regression coefficients with positive and negative numeric estimates']",3,"['The type of quantitative estimate reported in the table cells.', 'The type of statistical estimate or reported result shown in the table.', 'Type of statistical estimate reported in the body of the table.']","['Estimate type is essential for analytical reuse of statistical tables.', 'Estimate type helps users interpret and compare quantitative results across tables.', 'Estimate type helps distinguish coefficients from descriptive statistics or raw data values.']"
figure_identifier,internal_identifier,high,3,3,0.014285714,2,3,0,3,0,0,"['Figure A3-1', 'Figure 6', 'Figure A - 2']",3,"['The figure number or label used to identify the snapshot within the document.', 'The figure number or label used to identify the snapshot within the source document.', 'Document-assigned identifier or numbering for the figure.']","['A figure identifier supports citation, cross-reference, and provenance within the source document.', 'The figure identifier supports citation, cross-referencing, and retrieval within the document.', 'The figure identifier supports citation, cross-reference, and navigation within the source document.']"
uncertainty_measure,interpretive_note,medium,3,3,0.014285714,1,0,3,3,0,0,"['Robust standard errors clustered at the household level are in parentheses', 'Standard errors in brackets', 'Standard deviation of variables and standard error of the differences are in parentheses']",3,"['The reported measure of statistical uncertainty and how it is calculated.', 'Measure of statistical uncertainty reported with estimates.', 'Measures of variability or uncertainty reported alongside estimates.']","['Uncertainty metadata supports correct interpretation and reuse of regression results.', 'Uncertainty metadata helps users assess and compare empirical results.', 'Uncertainty metadata supports correct interpretation and analytical reuse of reported estimates.']"
financial_topic,subject_domain,high,3,3,0.014285714,1,0,3,3,0,0,"['Project financing data', 'Allocation of Loan Proceeds']",2,"['The financial subject area represented by the table.', 'The broad financial subject represented by the table.', 'The financial subject or purpose represented by the table.']","['A normalized topic enables discovery of tables about financing, costs, and funding structures across documents.', 'This enables discovery of tables about project financing across documents.', 'This captures the semantic focus of the table beyond the broader project metadata.']"
data_granularity,not_in_ontology,low,3,3,0.014285714,2,0,3,3,0,0,"['Monthly counts by territory and violation category', 'Country-level', 'Firm-level data']",3,"['Level of temporal, geographic, and categorical detail represented in the data.', 'Level of aggregation at which the data is reported.', 'The unit level at which the underlying data are analyzed.']","['Granularity helps determine whether the table is suitable for specific analytical uses.', 'Granularity supports appropriate analytical reuse and comparison.', 'Granularity is important for distinguishing firm-level analysis from sectoral or country-level analysis.']"
footnote_text,interpretive_note,high,3,3,0.014285714,2,0,3,3,0,0,"['The disbursement percentages have been calculated to exclude Bank financing of local taxes and import duties. The percentages to be applied to each invoice total.', '** Données UNMAS jusqu’à juillet 2023 (110) + données INSO depuis juillet', 'Includes budgets for other protracted refugees at the same locations']",3,"['Explanatory note or qualification attached to the table.', 'Footnote or explanatory note attached to one or more table values.']","['Footnotes clarify how financing percentages should be interpreted.', 'The footnote qualifies the 2023 value and explains the data-source combination.', 'Footnotes clarify the scope and interpretation of reported values.']"
data_source_citation,data_source,high,3,3,0.014285714,1,2,1,3,0,0,"['World Development Indicators', 'Authors’ computations based on World Economic Forum Global Competitiveness Report for trade facilitation indicators, COMTRADE for trade flows, UNCTAD TRAINS for tariffs, and World Bank World Development Indicators for GNI']",2,"['Citation or source for the data values shown in the figure.', 'The source cited for the data used in the figure.', 'The cited sources used to produce the table data.']","['A data source citation would support provenance tracking and assessment of analytical reliability.', 'Source citation supports provenance tracking and validation of figure data.', 'Source citations support provenance tracking and evaluation of data reliability.']"
geographic_granularity,geographic_granularity,high,3,3,0.014285714,2,2,1,3,0,0,"['Country level', 'Province / provincial boundaries', 'Subnational regions with a total aggregate row']",3,"['The spatial level at which entities are represented.', 'The administrative or spatial level at which values are represented.', 'The level of geographic detail represented in the data.']","['Geographic granularity helps users filter figures by whether data are shown at country, regional, or other spatial levels.', 'Granularity distinguishes province-level estimates from district, regional, or national figures.', 'Granularity is useful for distinguishing national summaries from regional comparisons.']"
geographic_dimension,category_dimension,high,3,3,0.014285714,2,2,1,3,0,0,"['Country of Submission', 'Region or economy group', 'Region']",3,"['Geographic dimension used to categorize the data.', 'The geographic grouping dimension used for comparison along the category axis.', 'The geographic dimension used to organize or compare the table results.']","['The country-based dimension enables geographic filtering and comparison.', 'Knowing the geographic comparison dimension supports filtering and cross-figure comparison.', 'The region dimension is necessary to understand the column structure and compare results spatially.']"
geographic_units,geographic_entities,high,3,3,0.014285714,2,1,2,3,0,0,"['Tripoli; El Minieh Dennie; El Koura; El Batroun; Zgharta; Bcharre', 'Examples visible include Kayes, Bamako, Ségou, Mopti, Gao, Kidal, Ménaka, Tombouctou, Nioro, Nara, Kita, Koulikoro, Sikasso, Koro, Ansongo, Tessalit, Abeibara, Tin-Essako, Goundam, Bourem, Douentza, Bandiagara, Bankass, San, Bla, Dioila, Koutiala, Yanfolila, Kadiolo', 'Managua; Caracas; Barquisimeto, Ven.; Mérida, Ven.; Panama City and Colon; Guatemala City']",3,"['Specific geographic entities used as rows or data categories.', 'Named geographic units represented in the figure.', 'Specific geographic entities represented in the table.']","['These place names enable location-based search and faceted browsing.', 'Named spatial units enable place-based search within a map beyond the country level.', 'City-level geographic indexing enables discovery beyond the broader regional metadata.']"
data_value_range,not_in_ontology,high,3,3,0.014285714,3,3,0,3,0,0,"['21% to 37%', '1% to 60%', 'Approximately -0.8 to 0.8 on the displayed correlation scale']",3,"['The minimum and maximum values shown in the figure.', 'Range of numeric values visible in the chart.', 'The visible range of quantitative values shown on the chart scale.']","['A value range helps users filter and compare figures without reading every data point.', 'The value range helps characterize the magnitude and variability of the displayed data.', 'The value range helps users assess scale and comparability without extracting every plotted point.']"
data_domain,subject_domain,high,3,3,0.014285714,2,3,0,3,0,0,"['Prices and government finance; Trade; Balance of payments; External debt and resource flows', 'Exports in global product space']",2,"['Broad subject areas represented by the indicators in the snapshot.', 'Broad subject domains represented in the snapshot.', 'Broad economic or analytical domain represented by the figure data.']","['The snapshot covers macroeconomic domains that differ substantially from the transport-focused document metadata.', 'The domains summarize the economic content and distinguish this snapshot from the project-level water infrastructure metadata.', 'The data domain captures the substantive topic beyond the document-level title.']"
population_group_categories,population_group,high,3,3,0.014285714,1,0,3,3,0,0,['Refugee; Asylum-Seeker; Other of Concern; IDP by Conflict; Returned IDP; Refugee Returnee; Statelessness; Host Community'],1,"['The population group categories used as data columns.', 'The population categories represented as columns in the table.', 'The population categories used to disaggregate the reported counts.']","['These categories are central to searching and comparing displacement-related tables.', 'These categories are central to searching and comparing humanitarian population data.', 'These categories are central to discovering and comparing humanitarian population data.']"
financial_metric,financial_metric,high,3,3,0.014285714,2,1,2,3,0,0,"['Total Project Cost; Total Financing; Financing Gap; Credit Amount; Grant Amount; Guarantee Amount; Total Amount; Annual; Cumulative', 'Bank amount, IDA amount, undisbursed amount, total approved, repayments, outstanding balance, amount sold', 'Overall financial requirements; funding gap; funding']",3,"['Financial measures or indicators reported in the table.', 'Financial measures reported in the table.', 'Financial measures or funding concepts shown in the snapshot.']","['Capturing reported financial metrics supports analytical reuse and metric-based search.', 'Financial metrics enable discovery and reuse of quantitative lending information.', 'Financial metric labels make humanitarian financing content discoverable beyond the document title.']"
ranking_basis,indicator_name,high,3,3,0.014285714,2,1,2,3,0,0,"['Districts with the highest number of households evicted', 'Final Weight values rank HAND highest at 0.208 and Rain (Int.+Dur.) lowest at 0.058', 'Share of foreign banks, specifically asset share of foreign banks in percent of total assets']",3,"['The criterion used to select or order the displayed categories.', 'Basis used to order or prioritize entities in the snapshot.', 'The metric used to rank or order entities in the table.']","['Ranking basis indicates that the chart highlights top districts rather than all districts.', 'Ranking information helps users find snapshots that prioritize or weight variables.', 'Ranking basis is important for discovering ranked comparative tables.']"
analytical_focus,subject_summary,high,3,3,0.014285714,1,2,1,3,0,0,"['Health inputs', 'Change in provincial poverty incidence between 1999 and 2006', 'Relationship between GDP growth and agricultural growth']",3,"['The broad substantive construct or outcome domain analyzed in the table.', 'The main analytical relationship or question represented by the figure.', 'The main analytical relationship or comparison presented by the figure.']","['This field identifies the main analytical subject beyond the document-level theme.', 'Capturing the focus on temporal change improves retrieval for poverty reduction and trend analysis.', 'Capturing the analytical focus improves discovery beyond simple keyword matching.']"
policy_variable,series_dimension,medium,3,3,0.014285714,1,2,1,3,0,0,"['Tariff', 'Open, defined as the annual change in tariff levels']",2,"['The policy variable used to define scenarios or comparisons in the figure.', 'The policy or explanatory variable used to differentiate series or scenarios in the figure.', 'Policy-related variable used in the analysis.']","['Policy-variable tagging makes the figure discoverable for trade protection and tariff analysis.', 'The tariff variable is central to searching for figures about trade protection and labor adjustment.', 'The policy variable is key for discovering tables about trade liberalization and tariff effects.']"
summary_statistic,measure_type,high,3,3,0.014285714,1,0,3,3,0,0,"['Mean; Median', 'Total by territory, total by category, and percentage share', 'Regional Average GER']",3,"['The statistical measures used to summarize the reported values.', 'Aggregate or summary measures provided in the table.', 'A summary or aggregate statistic included in the table.']","['Summary statistics are necessary to compare values correctly across tables.', 'Summary statistics support analytical reuse by identifying how granular values are aggregated.', 'Aggregate rows support discovery of tables containing regional or group-level summaries.']"
reported_values,not_in_ontology,high,3,3,0.014285714,3,0,3,3,0,0,"['$47.0 million; $82.3 million; $32.5 million; $32.3 million; $14.5 million; $50.0 million; 16.2%; $24.5 million', '1%, 1%, 2%, 71%, 77%, 63%, 28%, 23%, 35%, 22%, 25%, 18%, 42%, 46%, 37%, 27%, 23%, 33%, 9%, 7%, 12%', '2.59; 3.53']",3,"['Quantitative values explicitly reported in the table.', 'Numeric values reported in the table cells.', 'Quantitative values reported in the table for the main metric.']","['Reported values make the table discoverable for users seeking specific quantitative evidence.', 'Reported values can support data reuse and value-based discovery when indexed as table metadata.', 'Reported values support analytical reuse and filtering for tables containing numeric results.']"
self_settled_status,population_group,high,3,3,0.014285714,1,0,3,3,0,0,"['Yes; No', 'Self-settled values shown as Yes or No']",2,"['A binary attribute indicating whether a location or group is self-settled.', 'Whether the listed population location is categorized as self-settled.', 'Whether the population/location entry is categorized as self-settled.']","['This field captures a meaningful displacement settlement classification.', 'Self-settled status adds a meaningful settlement classification for filtering and analysis.', 'This provides an additional humanitarian classification useful for filtering and interpretation.']"
ranking_order,not_in_ontology,low,3,3,0.014285714,2,2,1,3,0,0,"['Bars are ordered from highest to lowest value: 15, 10, 6, 4, 2, 2, 2, 1, 0, 0', 'Descending by submitted case count', 'Appears ordered from lowest to highest asset share of foreign banks in the right-hand ranking column (inferred from values)']",3,"['The ordering principle used to arrange categories in the visualization.', 'Ordering principle applied to the displayed categories.', 'The ordering direction used in a ranked table.']","['Ranking information helps users discover charts that compare relative magnitude across categories.', 'Ranking information helps users understand the comparative emphasis of the figure.', 'Ranking order helps interpret whether higher or lower values appear first.']"
commodity_name,category_labels,high,3,3,0.014285714,1,3,0,3,0,0,"['Soybeans', 'Copper', 'Cocoa']",3,"['Commodity or asset represented in the figure or table.', 'Specific commodity or product measured in the figure.', 'Specific commodity or product represented in the figure.']","['Commodity name enables retrieval and comparison across commodity-specific figures.', 'Commodity-level indexing enables discovery and comparison across commodity price figures.', 'Commodity names are central facets for discovering commodity price and volatility figures.']"
coordinate_extent,not_in_ontology,high,3,3,0.014285714,1,3,0,3,0,0,"[""Approximately 18°15' to 19°15' longitude and 45°15' to 45°45' latitude, visible on inset map"", 'Approximately 33°00′N–34°30′N and 35°30′E–36°30′E, based on visible graticule labels', 'Approximately 28°E–31°E longitude and 3°S–4°S latitude']",3,"['The coordinate range or bounding coordinates shown in the snapshot.', 'Latitude and longitude range or graticule coverage shown in the map.', 'Latitude and longitude range visible on the map graticule.']","['Coordinate extent enables geospatial indexing and map-based retrieval.', 'Coordinate extent supports geospatial indexing and map-based retrieval.', 'Coordinate extent enables geospatial indexing and spatial filtering.']"
sector_scope,subject_domain,high,3,3,0.014285714,1,3,0,0,3,0,['Manufacturing sector'],1,"['The economic sector covered by the analysis represented in the figure.', ""The economic sector covered by the figure's analysis."", 'The economic sector or industry context represented by the figure.']","['Sector metadata connects the figure to manufacturing-specific evidence from the source study.', 'Sector scope connects the figure to a specific area of economic activity for discovery and comparison.', 'Sector context is important for filtering figures about manufacturing adjustment and trade policy.']"
geographic_disaggregation,geographic_granularity,medium,2,2,0.00952381,2,0,2,2,0,0,"['Area', 'Urban and rural areas']",2,"['The geographic level or type of geographic breakdown used in the table.', 'The geographic or spatial subgrouping used within the table.']","['Geographic disaggregation enables users to find tables with regional or national breakdowns.', 'This field captures a table-specific geographic breakdown not adequately conveyed by the document record alone.']"
value_axis_range,not_in_ontology,high,2,2,0.00952381,2,2,0,2,0,0,"['0 to 600 households', '0 to 1.4']",2,"['The numeric range displayed for the measured values.', 'Displayed numeric range of the quantitative axis.']","['The displayed range helps interpret the approximate magnitude of values when exact labels are absent.', 'The visible scale helps users understand the magnitude and bounds of the plotted indicator.']"
annex_label,internal_identifier,high,2,2,0.00952381,1,2,0,2,0,0,['Annex 10'],1,"['Annex or appendix label associated with the snapshot.', 'Appendix or annex designation associated with the snapshot within the document.']","['Annex labels help locate and distinguish supplementary analytical content within project documents.', 'Annex labels help users locate and distinguish supplemental analytical materials within project documents.']"
geographic_role,geographic_role,high,2,2,0.00952381,1,1,1,2,0,0,"['Country of birth/origin for 67.7% of the population', 'Country of Asylum']",2,"['The role played by the referenced geography in the statistic.', 'The role played by the listed countries in relation to the population data.']","['Distinguishing a country of origin from a reporting location prevents geographic misinterpretation.', 'Geographic role clarifies that countries are reported as asylum locations rather than origin countries.']"
significance_convention,interpretive_note,high,2,2,0.00952381,1,0,2,2,0,0,"['* significant at 10%; ** significant at 5%; *** significant at 1%', '* denotes statistical significance at 10%; ** at 5%; *** at 1%; standard errors are robust']",2,"['The notation used to indicate statistical significance levels.', 'Legend or note explaining statistical significance markers and uncertainty treatment.']","['Significance conventions support interpretation of regression tables and automated parsing of results.', 'Significance conventions are necessary for interpreting reported results and comparing statistical evidence.']"
geographic_unit,geographic_granularity,high,2,2,0.00952381,1,1,1,2,0,0,"['District', 'Provinces']",2,"['The administrative or geographic level used for comparison.', 'Type of geographic entity used to organize or report the data.']","['Geographic unit helps users filter and compare figures by the level of spatial aggregation.', 'Knowing the geographic unit helps users interpret the level of aggregation.']"
annex_identifier,internal_identifier,high,2,2,0.00952381,1,0,2,2,0,0,"['Annex 9', 'Annex 5.2']",2,"['The annex or appendix identifier associated with the table.', 'A document-internal annex, appendix, or exhibit identifier associated with the snapshot.']","['Annex identifiers help users locate and distinguish supplemental tables within project documents.', 'Annex identifiers help users locate and cite structured data within long project documents.']"
geographic_context,geographic_role,high,2,2,0.00952381,1,2,0,2,0,0,"['Mediterranean Sea; Syrian Arab Republic; Israel; regional inset showing Lebanon’s location in the Middle East/North Africa area', 'Rwanda; Tanzania; Democratic Republic of Congo; Lake Tanganyika; Lake Kivu; Lake Rweru']",2,"['Surrounding or contextual geographies shown in relation to the main area.', 'Adjacent countries or major surrounding geographic features shown for context.']","['Contextual geographies help users understand regional setting and cross-border relevance.', 'Neighboring places and regional features enrich geographic search beyond the document-level country field.']"
geospatial_coordinates,not_in_ontology,high,2,2,0.00952381,1,0,2,2,0,0,"['Longitude (X) and Latitude (Y) columns are provided for many locations, e.g. Lusenda 29,0944 / -3,8879; Maratane Camp 39,25 / -15,255', 'Longitude (X); Latitude (Y), with values shown for many locations such as Lusenda 29.0944, -3.8879']",2,"['Longitude and latitude fields associated with locations in the table.', 'Longitude and latitude coordinate information associated with listed locations.']","['Coordinates enable map-based discovery and spatial analysis of table contents.', 'Coordinates support geospatial indexing, mapping, and spatial analysis.']"
service_type,intervention_type,high,2,2,0.00952381,2,1,1,1,0,1,"['counseling; legal assistance; legal representation', 'Water services / piped water supply, inferred from document metadata and cubic-meter consumption measures']",2,"['The types of services or interventions associated with the reported indicator.', ""The infrastructure or public service to which the table's indicators apply.""]","['Service types provide searchable detail beyond the broad thematic area.', 'Identifying the service type supports sector-specific discovery and comparison across infrastructure tables.']"
series_values,series_labels,medium,2,2,0.00952381,2,2,0,2,0,0,"['2014/15; 2017/18', 'Tariff=10%; Tariff=20%; Tariff=30%']",2,"['The values of the comparison series shown in the legend.', 'The specific values or categories represented by the plotted series.']","['Series values support extraction and comparison of repeated measurements over time.', 'Series values enable filtering and comparison by tariff scenario.']"
time_reference,time_period,high,2,2,0.00952381,2,0,2,2,0,0,"['Base Year 1998', 'Last week; last 24 hours']",2,"['Reference year, base year, or time period used for the table’s calculations.', 'The recall period or temporal reference used for the reported indicators.']","['The base year is critical for interpreting present-value estimates and comparing results across analyses.', 'Time reference is critical for interpreting labor and activity measures collected through surveys.']"
geographic_unit_labels,geographic_entities,high,2,2,0.00952381,1,2,0,2,0,0,"['Country-code labels such as COL, BRA, MEX, PER, ARG, URY, CHL, VEN, DOM, BOL, ECU, PAN, CRI, SLV, GTM, HND, JAM, NIC, and PRY']",1,"['Geographic entity labels used as plotted observations.', 'Names or labels of individual geographic units shown in the figure.']","['Country labels make the plotted observations discoverable at the geographic-unit level.', 'Named geographic units would improve retrieval of subnational information, but labels are absent here.']"
series_label,series_labels,high,2,2,0.00952381,2,2,0,2,0,0,"['GDP def.; CPI; Exports; Imports', 'Average change CPI']",2,"['Named data series shown in chart legends.', 'Label identifying the plotted data series.']","['Series labels support discovery of specific plotted measures within the visualizations.', 'Series labels are important for discovering and reusing data embedded in charts.']"
indicator_groups,category_dimension,high,2,2,0.00952381,2,0,2,2,0,0,"['Income Statement Items; Funds Statement Items; Balance Sheet Items; Financial Ratios', 'Behavioral Change; Physical Health Inputs; Disease Incidence']",2,"['Higher-level groupings of indicators or line items presented in the table.', 'Higher-level groupings used to organize indicators or outcomes in the table.']","['Indicator groupings allow users to find tables containing particular classes of financial measures.', 'Grouped indicator domains enable faceted browsing across related health and behavior measures.']"
indicator_definition,indicator_definition,high,2,2,0.00952381,1,2,0,2,0,0,"['Share of Grade 3 pupils unable to read a single word of a short text in Arabic', 'A woman is literate if she is able to read parts of sentence or able to read whole sentence']",2,"['Textual definition or interpretation of the measured indicator.', 'A note defining how the displayed indicator is measured or classified.']","['Indicator definitions improve precision when searching for literacy, learning, or education outcome measures.', 'Definitions improve analytical reuse by clarifying what the indicator represents.']"
geographic_categories,geographic_entities,medium,2,2,0.00952381,2,2,0,2,0,0,"['Perú; Colombia; Venezuela', 'SAR; MENA; EAP; World; LAC; AFR; ECA; OECD']",2,"['Geographic entities used as categorical values in the snapshot.', 'The geographic or regional category labels shown in the figure.']","['Geographic categories enable place-based search and filtering even when they are not the overall geographic scope.', 'These labels expose regional content that may not be captured in document-level country metadata.']"
sector_topic,subject_domain,high,2,2,0.00952381,1,0,2,0,1,1,"['Urban investment; roads; solid and liquid waste; local development fund; intergovernmental fiscal transfer; technical assistance', 'Health; Health Services Delivery; Public Health; Universal Health Coverage']",2,"['Sectoral or thematic topics represented by the table contents.', 'The sectoral or topical domain associated with the table data.']","['These topics support thematic discovery of table data within infrastructure, waste, and governance domains.', 'Sector topics help users find financing data for health-related projects.']"
displacement_status,population_group,high,2,2,0.00952381,1,0,2,2,0,0,"['Host community; IDPs', 'IDP']",2,"['Population displacement or residency status represented in the snapshot.', 'The displacement or migration status of the population represented.']","['Displacement status supports humanitarian discovery and filtering by affected population type.', 'Displacement status is a key discovery facet for humanitarian assistance data.']"
entity_names,category_labels,high,2,2,0.00952381,2,0,2,2,0,0,"['Pella; Al-Hikma; Al-Keena Paper; Indo-Jordan; Jordan Telephone; MODAL; Zara; BTC; El-Zay; Jordinvest; JHTC; ATHC; JORDAN LIFE; JVC; MAICO', 'La Paix; Rayak; Notre-Dame du Liban; Rafik Hariri; Bekaa; Raee; Kassab; Tripoli; Elias Heraoui; Sahel; Iklim; Rayan Hospital; Notre Dame de la Paix; Dr Hamed Farhat; Nabih Berri / Nabatieh; Manara; Islamic - Tripoli; Khair; Al Mortada; Osman']",2,"['Named companies or counterparties listed as table entities.', 'The named entities listed in the snapshot.']","['Entity names enable discovery of tables containing specific firms or counterparties.', 'Entity names support fine-grained search for specific hospitals appearing only inside the table.']"
age_range,population_group,high,2,2,0.00952381,1,1,1,2,0,0,"['0 to 19 years', 'Women: 19-59 and 60+; Men: 19-59; Adolescent Boys: 10-18; Adolescent Girls: 10-18']",2,"['Age interval referenced by the indicator or population group.', 'Age ranges or age categories associated with represented groups.']","['Age ranges support demographic filtering and comparison across figures and tables.', 'Age breakdowns support demographic filtering and analytical reuse.']"
explanatory_variable,row_dimension,medium,2,2,0.00952381,1,0,2,1,0,1,"['Survey assignment indicators: Short; Proxy', 'Education']",2,"['The main independent variables or treatment indicators shown in table rows.', 'The main explanatory or predictor variable associated with the reported estimates.']","['These variables describe the experimental or regression contrasts being estimated.', 'Education is central to the table and aligns with the document’s theme of educated migrants and remittances.']"
expenditure_categories,category_labels,high,2,2,0.00952381,1,0,2,2,0,0,"['Supply and Install; Works; Goods; Services', 'Community sub-projects; Equipment and materials; Training and consultants; Incremental operating costs']",2,"['Categories of expenditure or procurement items used to organize the table.', 'The categories of expenditure or cost items represented in the table.']","['These categories are central facets for finding procurement-related tables.', 'These categories allow users to find tables containing specific types of project expenditures.']"
variable_definition,indicator_definition,high,2,2,0.00952381,1,0,2,2,0,0,"['Political affiliation (=1 if center and state govt. belong to same political party)', 'An illegal land reallocation is defined as one that did not involve the village committee.']",2,"['Definitions or coding explanations for variables used in the table.', 'Definitions or operationalization notes for key variables used in the table.']","['Variable definitions clarify the meaning of analytical indicators and improve reuse of regression tables.', 'Variable definitions clarify the meaning of indicators and improve analytical reuse.']"
row_categories,category_labels,high,2,2,0.00952381,1,0,2,2,0,0,"['Lubero; Masisi; Nyiragongo; Oicha; Rutshuru; Autres (Goma, Walikale); TOTAL', 'Fizi; Kabambare; Kalehe; Mwenga; Shabunda; Uvira; Walungu; TOTAL']",2,"['Observed row category labels in the table.', 'Observed row category labels under the row dimension.']","['Row categories improve retrieval of data for specific territories or administrative units.', 'Listing row categories enables discovery of data for specific territories contained only within the table.']"
y_axis_label,indicator_name,high,2,2,0.00952381,2,2,0,2,0,0,"['Percent by Category', 'Strength of Correlation']",2,"['Label displayed on the vertical axis.', 'The label describing the quantitative axis of the chart.']","['The axis label clarifies how values should be interpreted in the chart.', 'The y-axis label provides a reusable clue about the metric being measured.']"
financial_data_type,financial_metric,medium,2,2,0.00952381,1,0,2,2,0,0,"['Project financing data', 'Project component costs']",2,"['Type of financial information represented in the table.', 'The type of financial information represented by the table.']","['This enables discovery of tables about financing, costs, funding gaps, and project budgets.', 'This supports filtering for tables containing budgets, costs, allocations, or financing data.']"
topic_area,subject_domain,high,2,2,0.00952381,2,0,2,1,1,0,"['Pandemics; Health Services Delivery; Health System Strengthening', 'Wellbeing; standard of living; satisfaction about life']",2,"['The thematic or topical area relevant to the table’s source project.', 'Broad thematic subject covered by the table.']","['Topic metadata helps distinguish emergency health financing from other development finance tables.', 'Topic metadata supports retrieval of tables related to wellbeing and quality-of-life outcomes.']"
y_axis_range,not_in_ontology,high,2,2,0.00952381,2,2,0,2,0,0,"['0 to 220', '-0.2 to 1.0']",2,"['The numeric scale range used for the value axis.', 'The numeric range shown on the vertical axis.']","['Axis range helps interpret chart magnitude and supports validation of extracted values.', 'Axis ranges help users understand the scale of the plotted function values.']"
sector_or_theme,subject_domain,high,2,2,0.00952381,1,1,1,0,0,2,"['Flood control and drainage; wastewater treatment; wastewater collection; water sector infrastructure', 'Public Administration; E-Government; Electronic Identity; National identity card services']",2,"['The sectoral or thematic domain represented by the snapshot.', 'Sectoral or thematic topic represented in the table.']","['The snapshot’s infrastructure themes enable topical discovery beyond the general document record.', 'The table’s benefits relate specifically to identity card and public administration modernization outcomes.']"
facility_type,location_type,high,2,2,0.00952381,1,2,0,2,0,0,"['Transit centers', 'Hospitals']",2,"['The type of facility, institution, or location to which the data apply.', 'Type of institution or service facility referenced in the finding.']","['Facility type supports discovery of figures about specific infrastructure or service settings.', 'Facility type helps users discover findings related to particular service delivery settings.']"
sample_frame,population_group,medium,2,2,0.00952381,1,0,2,2,0,0,"['Clients who were present at the survey which took place during a center meeting in November 2005', 'Baseline clients only']",2,"['The population or sampling frame represented by the table data.', 'The subset of the population included in the analysis.']","['Sample frame clarifies who the reported estimates apply to and supports analytical reuse.', 'Sample restrictions are essential for interpreting and reusing the results.']"
abbreviation_definitions,indicator_definition,high,2,2,0.00952381,2,0,2,2,0,0,['DP = distribution point'],1,"['Abbreviations or acronyms used in the table and their meanings.', 'Definitions or expansions for abbreviated variable labels used in the table.']","['Expanding abbreviations improves keyword search and interpretation of table content.', 'Abbreviation definitions would improve interpretation and search, but most expansions are not provided in the snapshot.']"
scale_unit,unit_of_measure,high,2,2,0.00952381,2,2,0,2,0,0,['Kilometers'],1,"['Unit used in the map scale bar.', 'The distance unit used by the map scale bar.']","['Scale units support spatial interpretation and analytical reuse of cartographic snapshots.', 'Scale unit is useful for map interpretation but less central to thematic discovery.']"
reporting_date,reference_date,high,2,2,0.00952381,1,2,0,2,0,0,['As of 30 November 2023'],1,"['The date through which the reported data are current.', 'Date or reporting period to which the snapshot data applies.']","['The as-of date is essential for interpreting time-sensitive humanitarian movement data.', 'A reporting date is important for time-sensitive situation and funding data but is not visible here.']"
analytical_context,subject_summary,medium,2,2,0.00952381,1,1,1,1,1,0,"['Global product space; global industrial core; upper-left periphery', 'Impact of trade facilitation on intra-African trade']",2,"['Conceptual or analytical framework used to interpret the visualization.', 'The broader research context in which the table’s analysis is used.']","['Analytical context helps users discover figures using specialized concepts such as product space or industrial core.', 'Context links the correlation table to the document’s main empirical question.']"
financial_measure_type,financial_metric,high,2,2,0.00952381,2,0,2,2,0,0,"['Project financing amounts; expected disbursement amounts', 'Budget; Expenditure']",2,"['The type of financial quantity reported in the table.', 'The type of financial amount reported for each operation or category.']","['This supports discovery of tables containing financing commitments and disbursement schedules.', 'Distinguishing budget from expenditure supports financial comparison and analysis.']"
fixed_effects,analysis_method,high,2,2,0.00952381,1,0,2,2,0,0,"['State fixed effects and year effects included', 'All regressions have fixed effect for credit officers']",2,"['Fixed effects or comparable adjustment structures included in the model.', 'Fixed effects or controls included in the reported statistical models.']","['Fixed effects are important methodological metadata for filtering and comparing econometric results.', 'Fixed effects metadata improves discovery and interpretation of model design.']"
figure_subtitle,subject_summary,medium,2,2,0.00952381,2,2,0,2,0,0,"['Specific sectors usually differ in agreements', 'Baseline estimation (all other shortages=0)']",2,"['Secondary text summarizing the main message or interpretive framing of the figure.', 'Secondary title text describing the scenario, specification, or condition shown.']","[""The subtitle captures the figure's analytical takeaway and improves thematic discovery."", 'The subtitle captures the model scenario needed to distinguish this figure from other adjustment-function results.']"
significance_note,interpretive_note,high,2,2,0.00952381,1,1,1,2,0,0,"['Figures in bold are significant at 5%', '*** denotes significance at the 1 percent level.']",2,"['A note describing statistical significance notation or thresholds used in the table.', 'Explanation of statistical significance symbols used in the figure.']","['Significance notes help users interpret which reported estimates are statistically meaningful.', 'Significance notes are needed to interpret statistical annotations correctly.']"
program_area,subject_domain,high,2,2,0.00952381,1,1,1,2,0,0,"['Child Protection; Gender-Based Violence; Core Relief Items; Health; Shelter; WASH; Education; Self-Reliance; Voluntary Returns; Resettlement', 'Refugee programme; Stateless programme; Reintegration projects; IDP projects']",2,"['Thematic or operational areas under which indicators are grouped.', 'Programmatic categories or activity areas used to classify financial amounts.']","['Program areas enable thematic search and comparison across humanitarian response snapshots.', 'Program areas enable discovery and comparison of spending by thematic category.']"
spatial_granularity,geographic_granularity,high,2,2,0.00952381,1,1,1,1,0,1,['Region-level analysis shown for North West; broader document discusses province and district estimates'],1,"['The geographic unit level at which data are displayed.', 'The geographic level at which results are organized or reported.']","['Spatial granularity determines whether the map can support national, provincial, or local analysis.', 'Spatial granularity helps users distinguish regional tables from province, district, or national estimates.']"
methodological_note,interpretive_note,high,2,2,0.00952381,1,2,0,2,0,0,"[""'Confirmed' cases reported between 13 and 19 February 2020 include both laboratory-confirmed and clinically diagnosed cases for Hubei province; for all other dates, only laboratory-confirmed cases are shown."", 'The diamonds show four key indicators in the country compared with its income-group average; if data are missing, the diamond will be incomplete.']",2,"['A note explaining definitions, caveats, or methodological qualifications affecting interpretation.', 'Methodological explanation for interpreting the table or figure.']","['Methodological notes capture important caveats that affect comparability and reuse.', 'Methodological notes help users understand how comparative visual indicators should be interpreted.']"
neighboring_geographies,geographic_entities,high,2,2,0.00952381,1,2,0,2,0,0,"['Hungary; Federal Republic of Yugoslavia / Serbia / Montenegro', 'Israel; Jordan; Mediterranean Sea; Dead Sea']",2,"['Adjacent countries or territories shown for geographic context.', 'Adjacent countries, territories, or major physical geographies shown for spatial context.']","['Neighboring geographies improve contextual spatial discovery for border-area maps.', 'Neighboring geographies improve spatial discovery and interpretation of the mapped area.']"
named_places,geographic_entities,high,2,2,0.00952381,1,2,0,2,0,0,"['Osijek; Cepin; Tenja; Bijelo Brdo; Erdut; Dalj; Borovo; Markusica; Bitsadin; Nustar; Vukovar; Vinkovci', 'Jenin; Nablus; Tulkarm; Qalqiliyah; Ramallah; Al Birah; Jerusalem; Bethlehem; Hebron; Jericho; Gaza City; Deir El Balah; Khan Yunus; Rafah']",2,"['Named settlements or places labeled in the snapshot.', 'Named cities, towns, or localities labeled in the map.']","['Place names enable fine-grained geographic search and linking to local project areas.', 'Named places support fine-grained geographic search beyond the document-level country field.']"
model_summary_statistics,not_in_ontology,high,2,2,0.00952381,1,0,2,2,0,0,"['Number of obs.; Number of cluster; Adj-Rsquared; Rho', 'Observations: 5455, 5460, 5243, 4194, 4187, 4036; R-squared: 0.75, 0.64, 0.73, 0.8, 0.69, 0.78']",2,"['Model-level fit, sample, clustering, or diagnostic statistics reported in the table.', 'Model-level diagnostic or summary statistics reported for each specification.']","['These statistics support discovery of tables that report model diagnostics and sample structure.', 'Model summary statistics support evaluation and comparison of regression specifications.']"
statistical_significance_indicator,not_in_ontology,high,2,2,0.00952381,1,0,2,2,0,0,"['Asterisks shown on selected differences, including ** and ***', 'Asterisks appended to estimates: *, **, ***; significance thresholds are not visible in the snapshot']",2,"['Markers indicating statistical significance of reported estimates or differences.', 'Notation used to mark statistical significance of estimates.']","['Significance indicators help users identify statistically notable findings in comparative tables.', 'Significance indicators are important for locating statistically meaningful results.']"
study_design,analysis_method,medium,2,2,0.00952381,1,0,2,0,2,0,"['Randomized survey experiment in Tanzania focusing on questionnaire design and proxy response versus self-reporting', 'Field experiment with centers randomly assigned to individual-liability treatment or group-liability control, from document abstract']",2,"['The research or evaluation design underlying the reported data.', 'The research design underlying the reported results.']","['Study design helps users identify evidence from experiments or methodological comparisons.', 'Study-design metadata helps users discover experimental evidence related to the table.']"
index_base_period,time_period,medium,2,2,0.00952381,1,2,0,2,0,0,"['1987=100', '1995=100']",2,"['Base period used for index-valued indicators.', 'Base period used for index-based indicators.']","['Base-period metadata is needed to interpret export price, import price, and terms-of-trade indices.', 'Index base periods are required to interpret price indexes and terms-of-trade measures.']"
outcome_indicators,indicator_name,high,2,2,0.00952381,1,1,1,2,0,0,"['Early introd. of liquids; Should give colostrum; Worm drugs; Bednets; Malaria pills; Vitamin A; Iron supplement; Diarrhea; Cough', 'Self employment; Non-contributor to pension scheme']",2,"['Specific dependent variables, indicators, or outcomes reported in the table.', 'Dependent or outcome indicators plotted on the vertical axes.']","['Outcome indicators are central for discovering the data content contained within the table.', 'Outcome indicators are central to discovering the specific measures of informality shown in the figure.']"
outcome_domain,subject_domain,high,2,2,0.00952381,2,0,2,2,0,0,"['pathway to sustainable solutions; official bank account, mobile money account, or other official account ownership', 'Default, savings, and loan size']",2,"['The thematic outcome area or result domain measured by the indicators.', 'Broad thematic domain of the outcomes measured in the table.']","['Outcome domains help users find tables measuring similar results across documents.', 'Outcome domains support thematic filtering beyond exact variable names.']"
outcome_categories,category_labels,high,2,2,0.00952381,2,1,1,2,0,0,"['Service received; Referred; Declined; Unavailable', 'Employer, self employed; Employee']",2,"['The categorical statuses or outcomes used to classify the service provision data.', 'The categories or states of the outcome variable reported in the table.']","['Outcome categories enable retrieval and comparison of figures about service availability and uptake.', 'Outcome categories allow more granular discovery than the broader outcome variable alone.']"
origin_location,geographic_role,high,2,2,0.00952381,1,1,1,2,0,0,"['Turkey', 'Pemba (host community); Mocimboa da Praia; Macomia; Muidumbe; Meluco; Ancuabe; Nantule; Quissanga']",2,"['Place from which the represented movements originate.', 'Reported places of origin for the population represented in the table.']","['Origin location is central to understanding and querying directional movement data.', 'Origin-location metadata is valuable for displacement, mobility, and population analysis.']"
policy_context,subject_domain,medium,2,2,0.00952381,1,1,1,0,1,1,"['Pan-Arab Free Trade Area', 'Kyoto Protocol; Activities Implemented Jointly (AIJ)']",2,"['Policy, agreement, program, or institutional context relevant to the data snapshot.', 'Policy framework or program context relevant to the table content.']","['Policy context connects the figure to regional trade integration and free trade area analysis.', 'Policy context enables users to find analytical results tied to specific international environmental mechanisms.']"
policy_topic,subject_domain,high,2,2,0.00952381,1,1,1,0,0,2,"['Petroleum subsidy reform and household compensation', 'Petroleum subsidies; fuel subsidies; subsidy reduction']",2,"['The policy issue or thematic area represented by the snapshot.', 'Policy or thematic topic specifically represented by the table.']","['This field connects the figure’s compensation scenarios to the broader subsidy reform topic of the document.', 'This table-specific topic connects the data to subsidy reform and energy-pricing discovery use cases.']"
place_labels,geographic_entities,high,2,2,0.00952381,1,2,0,2,0,0,"['Beirut; Tripoli; Saida; Tyre; Zahleh; Baalbeck; Nabatiyeh; Aakkar; Baabda; and other labeled cities, towns, and regions', 'Bujumbura; Gitega; Ngozi; Muyinga; Bubanza; Muramvya; Ruyigi; Bururi; Nyanza Lac']",2,"['Named places visibly labeled within the snapshot.', 'Named populated places or locations labeled in the snapshot.']","['Place labels make otherwise image-only geographic content searchable.', 'Place labels support fine-grained geographic discovery within the mapped area.']"
participant_count,indicator_name,medium,2,2,0.00952381,1,0,2,2,0,0,"['Women: 19; Men: 25; Adolescent Boys: 7; Adolescent Girls: 7', 'Women: 32; Men: 17; Adolescent Boys: 8; Adolescent Girls: 7']",2,"['Reported number of participants by population group.', 'Counts of participants associated with each population group.']","['Participant counts are analytically reusable and important for interpreting consultation coverage.', 'Captures quantitative participation data that is often only available inside tables.']"
standard_error_type,calculation_method,high,2,2,0.00952381,1,0,2,2,0,0,"['Robust standard errors clustered by lending center', 'Robust standard errors']",2,"['The method used to calculate or report standard errors.', 'The type of uncertainty measure reported for coefficient estimates.']","['Standard error methodology is important for interpreting statistical reliability.', 'Standard error type is important for interpreting statistical inference.']"
price_basis,not_in_ontology,high,2,2,0.00952381,2,0,2,2,0,0,"['Current HRK', 'Domestic price; domestic subsidized price; price at the Yemen border including tax, freight, etc.; import prices']",2,"['Whether monetary values are expressed in current, constant, nominal, or real terms.', 'The valuation or price-reference basis used for reported price-related measures.']","['Price basis supports correct comparison of monetary data across years.', 'Price basis helps distinguish domestic, subsidized, border, and import-price concepts in energy price tables.']"
project_context,project_name,high,2,2,0.00952381,1,2,0,0,1,1,"['Jordan Health Sector Reform Project', 'Emergency Education System Stabilization Project']",2,"['Project or program name explicitly associated with the snapshot.', 'The project or program context associated with the figure.']","['The project context connects this country profile snapshot to the relevant operation for project-level discovery.', 'Project context helps distinguish this expenditure figure from similar expenditure figures in other documents.']"
reference_value,not_in_ontology,high,2,2,0.00952381,1,2,0,2,0,0,['50% horizontal reference line'],1,"['A benchmark, average, threshold, or other reference value displayed for comparison.', 'A benchmark, threshold, or reference value shown for comparison against data series.']","['Reference values help explain how individual categories compare with a benchmark.', 'Reference values help users interpret whether plotted values indicate balance, parity, or deviation.']"
indicator_code,not_in_ontology,low,2,2,0.00952381,2,0,2,2,0,0,"['IRI 2.1.2; IRI 2.1.3; IRI 2.1.4; IRI 2.1.5; IRI 2.2.1; IRI 2.2.2', 'Indicator 8.1; Indicator 8.2']",2,"['Reusable code or identifier assigned to each indicator or results metric in the table.', 'The identifier or numbering assigned to indicators in the table.']","['Indicator codes support precise retrieval and linking of table rows to project results frameworks.', 'Indicator codes support cross-reference with monitoring frameworks when available.']"
indicator_abbreviation,indicator_name,medium,2,2,0.00952381,1,1,1,2,0,0,"['FCS', 'PiN; GBV; CP']",2,"['An acronym or abbreviated form of the indicator name.', 'Acronyms or abbreviated terms used for indicators or thematic categories in the table.']","['Abbreviations support retrieval when users search by commonly used short forms.', 'Capturing abbreviations improves discovery when users search by common humanitarian acronyms.']"
independent_variables,indicator_name,high,2,2,0.00952381,1,0,2,2,0,0,"['Treatment; Constant', 'Log of migrants abroad; Bank deposit/GDP; Bank credit/GDP; Log of GDP; Log of GDP per capita; GDP growth; Diff. in the ratio of tertiary edu.; Constant']",2,"['Explanatory variables, predictors, or regression rows reported in the table.', 'Explanatory variables or covariates listed in the regression rows.']","['Independent variables help users discover tables reporting treatment effects or model covariates.', 'Independent variables reveal the factors analyzed and enable variable-level discovery.']"
topic_domain,subject_domain,high,2,2,0.00952381,2,2,0,0,0,2,"['Access to finance; loans; credit sources', 'Violent conflict; civil conflict; conflict-related deaths']",2,"['The broad thematic domain represented by the figure.', 'Broad thematic domain represented by the figure.']","['Topic domain links the figure to broader financial-sector discovery facets beyond the document title.', 'The topic domain connects the snapshot to broader subject searches beyond the exact title wording.']"
institutional_scope,not_in_ontology,low,2,2,0.00952381,1,1,1,1,0,1,"['GATT/WTO', ""CONALEP; Mexico's National Technical Professional School""]",2,"['The institution, regime, or reporting framework within which the data are defined.', 'The institution, program, or organization that is the focus of the analysis.']","['The institutional scope links the figure to trade agreements notified under the GATT/WTO system.', 'This field helps connect table-level evidence to a specific education program or institution.']"
total_amount,financial_metric,high,2,2,0.00952381,1,0,2,2,0,0,"['2,000,000', '5.00 US$ million']",2,"['A reported aggregate or total amount in the table.', 'The aggregate monetary total reported in the table.']","['Total amounts are useful for filtering and comparing financial tables.', 'The total amount provides a compact summary for financial discovery and comparison.']"
total_value,not_in_ontology,high,2,2,0.00952381,2,1,1,2,0,0,"['32,643 refugees and asylum-seekers; 23,989 refugees; 8,654 asylum-seekers', '13,470,225; 5,828,037; 8,544,600']",2,"['Overall total or summary values reported in the snapshot.', 'Aggregate totals reported for each indicator or table section.']","['Summary totals support retrieval and comparison of snapshots containing headline statistics.', 'Totals are key summary values that users often search for or compare across tables.']"
reported_statistics,measure_type,high,2,2,0.00952381,1,0,2,2,0,0,"['Coefficient; S.E.; # of obs.; p-value; significance stars', 'Coefficient estimates; robust standard errors; Observations; R2; F-statistic with p-value; Overidentification χ2 with p-value']",2,"['Statistical quantities reported for each model or indicator.', 'Types of statistical quantities reported in the table.']","['Reported statistics indicate what analytical results are available for reuse or comparison.', 'Reported statistics enable discovery of tables containing specific empirical diagnostics.']"
issuing_organization,source_organization,high,2,2,0.00952381,1,2,0,2,0,0,"['UNHCR - The UN Refugee Agency; Regional Bureau for Southern Africa', 'UNHCR — The UN Refugee Agency']",2,"['The organization or institutional unit responsible for the map.', 'The organization responsible for producing or branding the snapshot.']","['The issuing organization is essential for provenance and institutional discovery.', 'Identifying the producing organization supports provenance tracking and filtering by source.']"
table_note,interpretive_note,high,2,2,0.00952381,1,0,2,2,0,0,"['Note: Standard deviation of variables and the standard error of the differences are in parentheses.', 'a denotes statistical significance at the 1 percent level.']",2,"['Explanatory note or footnote needed to interpret the table values.', 'Footnote or note explaining annotations, assumptions, or interpretation of table values.']","['Table notes often contain essential interpretation rules not captured by titles or headers.', 'Table notes often contain essential interpretive metadata not captured by titles or headers.']"
quantitative_values,not_in_ontology,high,2,2,0.00952381,1,0,2,2,0,0,"['94%; 35%; 65%; 68%; 32%; 34%; 66%', '59 minutes; 30 minutes; 12 minutes; 58 minutes']",2,"['Numerical values displayed in the figure.', 'The numeric values reported in the table with their associated unit.']","['Capturing displayed values improves discoverability of quantitative findings contained only in the snapshot.', 'Captured values support analytical reuse and precise retrieval of table contents.']"
legend_labels,series_labels,high,2,2,0.00952381,2,2,0,2,0,0,"['GDP deflator; CPI; Exports; Imports; A - IBRD; B - IDA; C - IMF; D - Other multilateral; E - Bilateral; F - Private; G - Short-term', 'Sea Arrivals; Land Arrivals']",2,"['Labels used in chart legends to identify plotted series or components.', 'Semantic categories identified in the map legend.']","['Legend labels clarify the meaning of plotted series and improve retrieval of embedded chart content.', 'Legend labels clarify how the route symbols should be interpreted.']"
thematic_sections,subject_domain,high,2,2,0.00952381,1,2,0,2,0,0,['Poverty and Social; Key Economic Ratios and Long-Term Trends; Structure of the Economy'],1,"['Topical sections organizing the indicators in the snapshot.', 'Major topical sections or subject groupings used to organize the snapshot content.']","['Thematic sections support subject-based discovery beyond document-level keywords.', 'Thematic sections summarize the analytical domains covered by the multi-part country profile.']"
legal_status_categories,population_group,high,2,2,0.00952381,1,1,1,2,0,0,"['REF = Refugee; ASY = Asylum-Seeker; OOC = Other person of concern; Others', 'Réfugiés; IDP; Retournés; Hôtes']",2,"['Legal or protection status categories used to classify people in the data.', 'Legal or displacement-status groups used as analytical categories.']","['Legal status categories are key for filtering humanitarian protection statistics.', 'These categories are important for humanitarian and protection-related discovery use cases.']"
target_date,reference_date,high,2,2,0.00952381,1,0,2,2,0,0,"['May/2029; Jun/2029', 'Dec/2028']",2,"['Date associated with target indicator values.', 'Date associated with the target or end-period value in the table.']","['Target dates allow retrieval and comparison of planned results by time horizon.', 'Target dates support discovery of planned outcomes by completion or milestone timing.']"
map_producer,source_organization,high,2,2,0.00952381,1,2,0,2,0,0,"['WHO Health Emergencies Programme', 'Map Design Unit of The World Bank']",2,"['The organization or program responsible for producing the map.', 'Organization or unit credited with producing the map.']","['Producer information supports provenance and attribution for the visualized data product.', 'Producer information is useful for provenance, authority assessment, and reuse.']"
site_location,geographic_entities,high,2,2,0.00952381,1,0,2,2,0,0,"['Josina Machel Neighbourhood', 'Cariaco Neighbourhood, Pemba city']",2,"['Specific site, community, facility, or locality where the activity or data collection took place.', 'Specific site or locality where the activity took place.']","['Site-level metadata improves discovery of localized findings not captured by broader document metadata.', 'Provides finer-grained location metadata than a district-level reference.']"
measurement_frequency,temporal_granularity,high,2,2,0.00952381,2,1,1,2,0,0,"['Annual', 'Monthly']",2,"['The frequency or periodicity of the measured indicator.', 'The reporting frequency or time basis of the measured values.']","['Annual frequency is central to interpreting the indicator and comparing it with other time-based metrics.', 'Frequency clarifies how income values should be interpreted and compared.']"
measurement_basis,unit_of_measure,medium,2,2,0.00952381,1,2,0,2,0,0,"['Percent of total expenditure per capita (p.c.)', 'Per student']",2,"['The denominator, normalization, or basis used to calculate the indicator.', 'The denominator or basis used to normalize the reported measure.']","['The per-capita and total-expenditure basis clarifies how the indicator should be interpreted.', 'Normalization basis is critical for comparing costs across settings or populations.']"
summary_total_value,not_in_ontology,high,2,2,0.00952381,1,0,2,2,0,0,"['Total project costs: 61.1 US $Million; total baseline costs: 47.8 US $Million', 'Total value of contracts subject to prior review: 46.8']",2,"['Key aggregate totals reported in the table.', 'A summary or total value explicitly reported in the table.']","['Capturing headline totals improves retrieval and quick assessment of the table’s financial scale.', 'Summary totals are useful for quickly identifying the scale of procurement covered by the table.']"
intervention_or_treatment,intervention_type,high,2,2,0.00952381,1,0,2,1,0,1,"['Treatment; conversion to individual liability inferred from document abstract', 'Treatment variable is one if the loan cycle ends after the conversion in treatment centers; zero otherwise']",2,"['The intervention, treatment, or policy condition evaluated in the table.', 'The intervention, treatment condition, or exposure variable analyzed in the table.']","['Treatment metadata connects the regression results to the underlying experimental intervention.', 'Treatment metadata is central for discovering impact-evaluation evidence.']"
value_scale,unit_of_measure,medium,2,2,0.00952381,2,1,1,2,0,0,"['Millions', 'Y-axis tick marks range from 0 to 80']",2,"['Magnitude scale applied to numeric values.', 'The numeric scale or visible range used for plotted values.']","['The scale prevents misinterpretation of monetary amounts and improves analytical reuse.', 'The visible scale helps interpret the magnitude of the indicator even when exact values are not extracted.']"
comparison_entities,comparison_group,high,2,2,0.00952381,2,1,1,2,0,0,"['Jordan; M. East & North Africa; Lower-middle-income', 'Land-cover; Soil Type; Elevation; Slope; TWI; Rain (Int. + Dur); DND; HAND']",2,"['Countries, regions, income groups, or other benchmark entities used for comparison in the snapshot.', 'Entities or criteria that are compared against one another.']","['Benchmark entities reveal that the snapshot compares Jordan against regional and income-group averages.', 'Capturing compared entities improves retrieval and reuse of pairwise comparison data.']"
disaggregation_dimensions,population_group,high,2,2,0.00952381,1,2,0,2,0,0,"['Highest grade of basic education attended; Wealth index quintile; Location', 'Gender, location, wealth quintile, grade, country']",2,"['The categorical dimensions by which the indicator is broken down.', 'Dimensions used to break down or compare the indicator values.']","['Disaggregation dimensions reveal the analytical structure of the figure beyond the document-level topic.', 'Disaggregation dimensions reveal the analytical structure of the figure.']"
data_as_of_date,reference_date,high,2,2,0.00952381,1,1,1,2,0,0,"['8/28/97', 'December 2014']",2,"['Date printed on or associated with the snapshot data page.', 'Reference date at which the table estimates or values are stated to apply.']","['A data as-of date helps distinguish the statistical reference point from the document publication date.', 'The as-of date is essential for interpreting funding estimates and distinguishing them from project publication dates.']"
assessment_type,data_collection_method,high,2,2,0.00952381,1,0,2,2,0,0,['Safety Audit'],1,"['Type of assessment, audit, survey, or data collection exercise represented in the snapshot.', 'Type of assessment or exercise documented by the table.']","['Enables retrieval of snapshots related to safety audits across documents.', 'Identifies the activity context needed to find and compare similar assessment tables.']"
data_reference_date,reference_date,high,2,2,0.00952381,1,2,0,2,0,0,"['10/1/98', '9/17/99']",2,"['Date printed or cited in connection with the snapshot data.', 'Date associated with the data sheet or snapshot content.']","['A data reference date helps distinguish the timing of the statistical profile from the PDF publication date.', 'A snapshot-level reference date helps distinguish the currency of the data from the document publication date.']"
data_notes,interpretive_note,high,2,2,0.00952381,1,0,2,2,0,0,"[""Figures are subject to change; IDPs by disaster are not included; 'Other' in the location refers to any known location other than camp or settlement sites; some DRC location numbers are as of 31 May 2023; self-settled refers to individuals without available information such as names and locations categorized as 'unknown'; some location figures may differ from operation reports due to inconsistency in proGres."", ""Figures are subject to change; IDPs by disaster are not included; 'Other' location definition provided; some DRC location numbers are as of 31 May 2023; self-settled definition provided; possible inconsistency in proGres noted""]",2,"['Footnotes, caveats, definitions, and exclusions attached to the table data.', 'Footnotes, caveats, definitions, or methodological notes needed to interpret the table.']","['Notes provide provenance and interpretation constraints that are critical for reuse.', 'Notes provide critical context for data quality, exclusions, definitions, and comparability.']"
variable_names,indicator_name,high,2,2,0.00952381,1,0,2,2,0,0,"['Investment climate; AIJ subsidy; Host commitment; Investor commitment; Government effectiveness; Political stability; Income; Population; Proximity; Trade agreement; Voice and accountability; Corruption; Constant', 'Ratio of remittances to GDP (%); Logarithm of remittances; Logarithm of remittances per capita; Logarithm of migrants abroad; Ratio of migrants abroad to population size; Ratio of bank deposit to GDP; Ratio of bank credit to GDP; Logarithm of GDP; Logarithm of GDP per capita; GDP growth rate (%); Female labor market participation rate (%); Population density (people per sq km); Urbanization (%); Passport cost (% of GDP per capita); Inflation rate (%); Dummy for dual exchange rate; Dummy for British legal origin']",2,"['Names of variables, covariates, or regressors reported in the table.', 'Names of variables or indicators listed in the table.']","['Variable names are central for discovering specific determinants analyzed in statistical tables.', 'Variable names provide fine-grained discovery of the actual indicators contained in the table.']"
breakdown_dimension,category_dimension,medium,2,2,0.00952381,2,1,1,2,0,0,"['Wealth quintiles: Poorest; Second; Middle; Fourth; Richest', 'Age group']",2,"['The secondary categorical dimension used to subdivide the data.', 'Dimension used to subdivide the comparison groups.']","['The breakdown dimension reveals that the figure supports socioeconomic comparison by wealth group.', 'The breakdown dimension supports reuse and comparison with other age-disaggregated figures.']"
data_language,language,high,2,2,0.00952381,1,0,2,2,0,0,['French'],1,['Language used in the table text and labels.'],"['Language metadata supports multilingual search and label interpretation.', 'Language metadata supports multilingual search, indexing, and translation workflows.']"
column_headers,column_dimension,high,2,2,0.00952381,1,0,2,2,0,0,"['Situation; Total Inter-Agency Requirements', 'Country; Total Budget (USD); Total Funded (%)']",2,"['Visible column header labels defining the table structure.', 'Column labels that define the structure of the table.']","['Column headers identify the dimensions and measures needed to interpret the table.', 'Column headers expose the measures and dimensions contained in the table.']"
comparison_periods,time_period,high,2,2,0.00952381,1,1,1,2,0,0,"['1999; 2006', 'Change (2002–09); Change (1999–01)']",2,"['Specific years or periods shown as separate comparison points in the figure.', 'The periods over which changes or comparisons are calculated.']","['The individual comparison years are needed to distinguish this from a single-period map.', 'Comparison periods clarify that the table reports changes rather than only point-in-time values.']"
data_collection_frequency,temporal_granularity,high,2,2,0.00952381,1,0,2,2,0,0,"['Once, with follow-up to ensure ongoing operations; supplementary surveys, as needed', 'One time pilot project evaluation; trimestrial; yearly']",2,"['How often data for an indicator are collected or verified.', 'How often indicator data are collected or reported.']","['Collection frequency is important for assessing monitoring design and data availability.', 'Frequency supports discovery of monitoring frameworks and helps assess data comparability over time.']"
column_categories,category_labels,high,2,2,0.00952381,2,0,2,2,0,0,"['Droit à la liberté; Droit à la propriété; Droit à l’intégrité physique; Conflits fonciers; VBG; Res. 1612; Total; %', 'Pre Primary; Primary; Lower Secondary; Upper Secondary; Technical Education']",2,"['Observed column category labels used in the table.', 'The category labels appearing under the column dimension.']","['Column categories expose the specific human rights and protection issues represented in the data.', 'Category labels expose the education levels covered by the table for more precise discovery.']"
column_dimensions,column_dimension,high,2,2,0.00952381,1,0,2,2,0,0,"['Agency; Timeframe; Funding type; Amount; Core support areas', 'Contract Value (Threshold); Procurement Method; Contracts Subject to Prior Review / Estimated Total Value Subject to Prior Review']",2,"['Column-level dimensions or variables represented in the table.', 'The main dimensions or measures represented in the table columns.']","['Column dimensions make the internal structure of the table discoverable for analytical reuse.', 'Column dimensions reveal the analytical variables contained in the table.']"
data_series_labels,series_labels,high,2,2,0.00952381,2,2,0,2,0,0,"['Number of Syrian Students in First Shift Public Schools; Number of Syrian Students in Second Shift Public Schools; Percentage of Syrian Students out of Total', 'Munich situation awareness: Blame on refugees (8%); Berlin Situation Awareness: Blame Refugees (5%); Nice situation awareness: Blame the refugees (7%)']",2,"['The legend labels identifying each plotted data series.', 'Legend labels identifying each plotted data series.']","['Series labels make the chart’s disaggregated measures discoverable as reusable metadata.', 'Series labels expose the categories being compared and are critical for search and interpretation.']"
base_period,reference_date,medium,2,2,0.00952381,2,2,0,2,0,0,"['1987=100 for export price index, import price index, and terms of trade', '2002:Q1 = 1']",2,"['Reference period used to normalize indexed indicators.', 'The reference period and value used to normalize an indexed data series.']","['Base-period metadata is necessary to interpret index values and compare them across sources.', 'Base-period metadata is critical for interpreting and reusing indexed economic series.']"
variable_transformations,calculation_method,high,2,2,0.00952381,1,0,2,2,0,0,"['Ratio; logarithm; difference; growth rate; dummy indicator', 'in 1+ logs; deviation of the rate from 1, in logs; in logs; percentages of total assets, pre-tax profit, or GDP']",2,"['Transformations or variable forms applied to listed indicators.', 'Transformations, normalizations, or measurement expressions applied to variables.']","['Transformations help users distinguish raw indicators from modeled or derived variables.', 'Transformations are important for interpreting and reusing reported empirical estimates.']"
content_language,language,high,2,2,0.00952381,2,1,1,1,0,1,"['Arabic', 'French']",2,"['The language used in the snapshot text.', 'Language used in the table labels.']","['Language metadata supports multilingual search, OCR routing, and user filtering.', 'Language metadata supports multilingual search and interpretation of labels.']"
aggregation_type,calculation_method,medium,2,2,0.00952381,1,0,2,2,0,0,"['Totals by row and by column', 'Nombre total']",2,"['Whether the table includes aggregate totals in addition to disaggregated values.', 'Type of aggregation represented by the reported values.']","['Aggregation metadata helps users understand whether summary values are available for reuse.', 'The table reports totals, which affects interpretation and reuse of the data.']"
currency_unit,currency,high,2,2,0.00952381,1,2,0,2,0,0,"['US$ millions; local/US$ conversion rate', 'US$; local/US$']",2,"['Currency denomination or exchange-rate unit used in monetary indicators.', 'Currency or exchange-rate denomination used in monetary indicators.']","['Currency metadata improves analytical reuse of trade, balance of payments, debt, and resource flow values.', 'Currency metadata is important for interpreting monetary values and exchange-rate data.']"
column_category_labels,category_labels,high,2,2,0.00952381,1,0,2,2,0,0,"['Réfugiés; IDP; Retournés; Hôtes; Total', 'Pré-test; Post-test']",2,"['Categories listed across the table columns.', 'Labels of categories appearing in the table columns.']","['Column categories improve discovery of tables disaggregated by displacement or legal status.', 'Column labels support retrieval of tables comparing pre- and post-intervention or assessment phases.']"
administrative_area,geographic_entities,high,2,2,0.00952381,1,0,2,2,0,0,"['Mahagi; Djugu', 'District: Pemba']",2,"['Administrative territories or subnational units associated with the listed locations.', 'Named administrative unit associated with the data in the snapshot.']","['Administrative areas support geographic faceting and aggregation across tables.', 'District-level information supports geographic faceting and aggregation.']"
baseline_date,reference_date,medium,2,2,0.00952381,1,0,2,2,0,0,"['Feb/2025; Mar/2025', 'Nov/2023']",2,"['Date associated with baseline indicator values.', 'Date associated with the baseline or starting value in the table.']","['Baseline dates support temporal interpretation of project performance indicators.', 'Baseline dates help users distinguish starting conditions from later targets or outcomes.']"
data_series_names,series_labels,high,2,2,0.00952381,2,2,0,2,0,0,"['No of Incidents; Civilian Casualties', 'Total Revenue; Total Expenditure']",2,"['The names of the chart series shown in the legend.', 'The named data series or variables plotted in the snapshot.']","['Series names identify the separate measures being compared within each category.', 'Series names expose the fiscal aggregates compared in the figure.']"
settlement_status_indicator,population_group,high,1,1,0.004761905,1,0,1,1,0,0,['Self-settled: Yes / No'],1,['A categorical indicator describing whether populations are self-settled.'],['This field captures an important population attribute that can support filtering and analysis.']
sector_or_domain,subject_domain,high,1,1,0.004761905,1,1,0,0,0,1,['Exports; merchandise trade; export destination patterns'],1,['Economic sector or thematic domain addressed by the snapshot.'],['The trade/export domain is central to topic-based discovery and is supported by both the caption and document metadata.']
sex_or_gender_group,population_group,high,1,1,0.004761905,1,0,1,1,0,0,['Men; Women; Boys; Girls'],1,['Sex or gender-related population categories represented in the table.'],['Sex or gender categories support discovery of gender-disaggregated humanitarian data.']
chart_axis_labels,indicator_name,medium,1,1,0.004761905,1,1,0,1,0,0,['Life expectancy; GNP per capita; Gross primary enrollment; Access to safe water; Trade; Investment; Indebtedness; Domestic Savings'],1,['Axis or spoke labels used in embedded charts.'],['Chart axis labels expose key indicators that may not appear in table captions alone.']
sector_or_activity_area,subject_domain,high,1,1,0.004761905,1,0,1,1,0,0,['Infrastructure Development: Urban and Rural; Socio-economic development; Municipal Infrastructure; Water and Sanitation Services; Emergency Employment Generation'],1,['Sectoral or activity areas represented in the table entries.'],['Sector and activity metadata enables thematic search within tables.']
cause_or_reason,category_dimension,medium,1,1,0.004761905,1,0,1,1,0,0,['Accalmie dans la zone de retour'],1,"['Stated cause, reason, or driver associated with the reported phenomenon.']",['The stated reason explains why spontaneous returns occurred and supports thematic discovery.']
sector_coverage,category_labels,medium,1,1,0.004761905,1,1,0,1,0,0,['Financial; air passenger; maritime shipping; professional; telecommunications; retailing; maritime auxiliary; accounting; auditing; legal services'],1,['The service sectors included in the figure’s mode definitions or calculations.'],['Sector coverage clarifies what activities are represented by the restrictiveness measure.']
sector_context,subject_domain,high,1,1,0.004761905,1,0,1,0,1,0,['Social Protection'],1,['Sectoral context of the source document relevant to the table content.'],['Sector context supports discovery of poverty tables within social protection project documents.']
sector_categories,category_labels,high,1,1,0.004761905,1,1,0,1,0,0,['Agriculture; Construction; Food and beverage (restaurants and catering); Retail and wholesale; Manufacturing – Garment; Manufacturing'],1,['Sector labels used as categorical groups in the figure.'],['Sector categories enable precise faceted search and comparison across industries.']
sector_dimension,category_dimension,medium,1,1,0.004761905,1,0,1,1,0,0,['Manufacturing; Services'],1,['The sectoral groups used to organize or compare results.'],['Sector categories are central to interpreting and comparing the regression results.']
sample_groups,population_group,medium,1,1,0.004761905,1,0,1,1,0,0,['Whole Sample; Intra-Africa and Rest of the World Sample; Intra-Africa Sample'],1,['The population or sample subsets for which results are reported.'],['Sample group labels allow users to distinguish results by analytical subset.']
baseline_period,time_period,high,1,1,0.004761905,1,0,1,1,0,0,['Mar/2025; Feb/2025'],1,['Date or period associated with baseline or initial indicator values.'],['Baseline periods are essential for time-based interpretation of project indicators.']
sample_exclusion_criteria,interpretive_note,high,1,1,0.004761905,1,0,1,1,0,0,"['Sample excludes Bangladesh, India, Pakistan, the Philippines, and Sri Lanka']",1,['Explicit exclusions or restrictions defining the estimation sample.'],['Sample restrictions materially affect interpretation and comparability of results.']
row_variable_groups,row_dimension,high,1,1,0.004761905,1,0,1,1,0,0,['Bank-level variables; Macroeconomic variables; Specification tests (p-values)'],1,['Grouped categories organizing variables or test statistics in table rows.'],['Variable groupings help users identify the level and type of factors included in the analysis.']
benchmark_labels,comparison_group,high,1,1,0.004761905,1,1,0,1,0,0,['High income; Middle income; Low income'],1,['Reference benchmarks or comparator lines included in the figure.'],['Benchmark labels clarify that the figure compares regional scores against income-group reference levels.']
row_group_labels,row_dimension,high,1,1,0.004761905,1,0,1,1,0,0,['Dependent variables; Independent variables; Instrumental variables'],1,['Section or group labels organizing the table rows.'],['Row group labels capture the econometric role of variables and support faceted search.']
benchmark_values,not_in_ontology,high,1,1,0.004761905,1,1,0,1,0,0,['High income approximately 3.8; Middle income approximately 3.0; Low income approximately 2.5'],1,['Approximate numeric values of benchmark or reference lines shown in the figure.'],"['Benchmark values support analytical reuse, though they are visually estimated from the chart.']"
beneficiary_group,population_group,high,1,1,0.004761905,1,1,0,1,0,0,['individuals'],1,['The population or beneficiary group to which the indicator applies.'],"['This helps distinguish whether a figure reports people, households, organizations, or other beneficiary groups.']"
settlement_type,location_type,high,1,1,0.004761905,1,0,1,1,0,0,['Camps; Urban'],1,['Type of settlement or residential context used to organize the comparison groups.'],['Settlement type is a reusable facet for comparing outcomes across displacement contexts.']
series_categories,series_labels,high,1,1,0.004761905,1,1,0,1,0,0,[],0,['Named categories represented as separate lines or series.'],['Series categories enable discovery of specific rights categories contained in the figure.']
beneficiary_population,population_group,high,1,1,0.004761905,1,0,1,1,0,0,['Syrian refugee school-age children; Syrian refugee and host community youths; Palestinian refugees; all children'],1,['Population groups explicitly identified as beneficiaries or target groups in the table.'],"['Beneficiary population improves discovery for refugee, host community, and child-focused education interventions.']"
selection_criterion,not_in_ontology,high,1,1,0.004761905,1,0,1,1,0,0,['Highest total cost'],1,['The criterion used to select the entities included in the snapshot.'],"['Selection criteria are important for understanding bias, scope, and comparability.']"
selected_financing_sources,financing_source,high,1,1,0.004761905,1,0,1,1,0,0,['IBRD; Trust Funds'],1,['The financing source categories marked as applicable in the table.'],['Selected sources identify the actual financing instruments associated with the project.']
benefit_categories,category_labels,high,1,1,0.004761905,1,0,1,1,0,0,['Costs of national identity and reduced social security programs; time savings for issuing ID card; reduced cost to acquire card; total benefits'],1,['Benefit-related categories or line items represented in the table.'],['Benefit categories expose substantive economic benefits that may not be visible in document-level metadata.']
borrower_entity,geographic_entities,medium,1,1,0.004761905,1,0,1,1,0,0,['Uganda'],1,['The borrower or recipient entity associated with the listed operations.'],['Borrower information helps distinguish recipient entities within financing tables.']
analysis_unit,location_type,high,1,1,0.004761905,1,0,1,1,0,0,['Hospital'],1,['The entity type for which values are reported.'],['Identifying the unit of analysis supports filtering and reuse across institution-level tables.']
sector_or_product_group,subject_domain,high,1,1,0.004761905,1,1,0,1,0,0,['Agriculture and garments'],1,"['Sector, product group, or category mentioned as substantively important in the figure interpretation.']",['Product groups enrich discovery for users searching within specific export sectors.']
route_quantitative_values,not_in_ontology,high,1,1,0.004761905,1,1,0,1,0,0,"['Sea arrivals: 5,036; 539; 302. Land arrivals: 660; 351.']",1,['Numeric values associated with routes or movement categories in the figure.'],['Route-level values enable analytical reuse of data embedded in the map.']
classification_dimension,category_dimension,high,1,1,0.004761905,1,1,0,1,0,0,['Statuts'],1,['Categorical dimension used to divide or classify the data.'],"['The chart is organized by status, which enables comparison with other status-disaggregated data.']"
size_encoding_indicator,indicator_name,high,1,1,0.004761905,1,1,0,1,0,0,['Share of agriculture in GDP'],1,['The variable encoded by marker or bubble size in the visualization.'],['This captures an additional quantitative dimension that may not be represented in the figure title.']
classification_scheme,category_dimension,high,1,1,0.004761905,1,1,0,0,0,1,"['Services trade modes of supply, inferred from labels and document keywords including modes of supply and General Agreement on Trade in Service']",1,['The conceptual classification system used to organize categories in the figure.'],['Identifying the classification scheme improves interoperability with other services trade figures.']
simulation_restriction,interpretive_note,medium,1,1,0.004761905,1,1,0,1,0,0,"['restriction in simulation, including entries shown as =0 for some estimates']",1,['Any constraint or restriction applied to table values in a simulation scenario.'],['Simulation restrictions are analytically meaningful and may affect interpretation of model results.']
classification_system,category_dimension,medium,1,1,0.004761905,1,1,0,1,0,0,['4-digit SITC product lines'],1,['Standard classification or taxonomy used to define the data categories.'],['Classification system is critical for analytical reuse and comparison across trade-related figures.']
climate_shock_type,category_dimension,medium,1,1,0.004761905,1,1,0,0,1,0,['Delayed monsoon onset and climatic shocks from document context'],1,['Specific climate-related shock or environmental phenomenon relevant to the analysis.'],['Identifying the climate shock type supports discovery of figures related to climate risk and household impacts.']
significance_marker,not_in_ontology,high,1,1,0.004761905,1,0,1,1,0,0,['Superscript a'],1,['Symbol or notation used to indicate statistical significance or other annotations.'],['Markers connect reported values to explanatory notes needed for correct interpretation.']
chart_indicator_names,indicator_name,high,1,1,0.004761905,1,1,0,1,0,0,['Life expectancy; GNP per capita; gross primary enrollment; access to safe water; trade; domestic savings; investment; indebtedness; growth rates of output and investment; growth rates of exports and imports'],1,['Indicators or concepts specifically represented in embedded charts within the snapshot.'],['Chart-specific indicators expose information that may not be obvious from the document metadata.']
specification_tests,analysis_method,medium,1,1,0.004761905,1,0,1,1,0,0,['Sargan Test; Second order correlation'],1,['Diagnostic or specification tests reported for the statistical models.'],['Specification tests are important for discovering and evaluating econometric model validity information.']
special_population_note,interpretive_note,high,1,1,0.004761905,1,0,1,1,0,0,['Includes a FGD conducted with women involved in the sale of sex'],1,['Qualifying note identifying a specific subgroup or caveat relevant to interpretation.'],['Captures important contextual qualifiers that affect interpretation and sensitive population discovery.']
special_case_note,interpretive_note,high,1,1,0.004761905,1,1,0,1,0,0,['712 cases are identified on a cruise ship currently in Japanese territorial waters.'],1,['A note identifying exceptional observations or special reporting cases in the data.'],['Special case notes preserve context for anomalous or nonstandard data points.']
spatial_unit,geographic_granularity,high,1,1,0.004761905,1,1,0,1,0,0,"['Countries, territories, or areas']",1,['The geographic unit at which the data are reported or classified.'],['Spatial unit clarifies the level of geographic aggregation used in the figure.']
cluster_count,not_in_ontology,high,1,1,0.004761905,1,0,1,1,0,0,['92 for per capita expenditure; 94 for per capita income'],1,['The number of clusters used or reported in the regression model.'],['Cluster information is important for interpreting regression precision and empirical design.']
spatial_distribution_summary,subject_summary,medium,1,1,0.004761905,1,1,0,1,0,0,"['Symbols indicate presence of protection response activity types across multiple Syrian governorates, including mapped clusters around Aleppo, Homs, Rural Damascus, Hassakeh, Latakia, Tartous, Daraa, and Sweida']",1,['Concise description of how categories are distributed geographically in the figure.'],['A spatial distribution summary improves discovery of map content without requiring visual inspection.']
source_url,data_source,high,1,1,0.004761905,1,1,0,1,0,0,['https://www.mvr.bg/NR/rdonlyres/9C36DA2C-4CCA-467A-B9EC-8FB42D67E8B4/0/Spravka_April_2017_Internet.pdf'],1,['URL cited as a source or supporting reference for the figure.'],['A source URL enables verification and linking to underlying source material.']
source_or_reference_note,data_source,high,1,1,0.004761905,1,1,0,1,0,0,['2014 CNR'],1,"['Source, reference, or citation note visible in the snapshot.']",['Source notes support provenance tracking and confidence assessment for extracted statistics.']
staff_location_basis,location_type,medium,1,1,0.004761905,1,0,1,1,0,0,['CO-based; HQ-based; HQ-based or based in region'],1,['Institutional or geographic base of staff resources.'],['Staff location information supports discovery of implementation arrangements and decentralization of support.']
settlement_features,location_type,high,1,1,0.004761905,1,1,0,1,0,0,['Built-up areas; UNRWA refugee camps; Israeli settlements'],1,['Types of human settlement or habitation features depicted in the snapshot.'],"['Settlement feature metadata supports retrieval for topics such as refugees, urban areas, and Israeli settlements.']"
chart_indicator_labels,indicator_name,medium,1,1,0.004761905,1,1,0,1,0,0,['Life expectancy; GNP per capita; Gross primary enrollment; Access to safe water; Trade; Domestic Savings; Investment; Indebtedness; GDI; GDP; Exports; Imports'],1,['Indicator labels used in embedded charts or legends.'],['Chart labels identify data series and dimensions that may not appear in table headings alone.']
service_provider_type,location_type,high,1,1,0.004761905,1,0,1,1,0,0,['مراكز الرعاية الصحية الأولية (primary health care centers)'],1,['The type of service provider counted or described in the table.'],['Service provider type improves discovery of health system capacity and facility-related tables.']
service_or_intervention,intervention_type,high,1,1,0.004761905,1,1,0,1,0,0,['ANC'],1,"['The health service, program, or intervention referenced by the figure.']",['Identifying the service discussed enables domain-specific discovery across figures.']
service_delivery_point_type,location_type,high,1,1,0.004761905,1,0,1,1,0,0,['distribution point (DP)'],1,['The type of service location or access point referenced by the table.'],['This field helps discover tables related to access to service or aid delivery locations.']
service_context,intervention_type,medium,1,1,0.004761905,1,1,0,1,0,0,['Contracted specifically to treat severe burns'],1,"['Context describing the role or purpose of a facility, program, or service in the reported finding.']",['Service context explains why a facility or cost metric is relevant and supports more precise retrieval.']
service_categories,intervention_type,high,1,1,0.004761905,1,1,0,1,0,0,['Health / Medical Services; Legal Assistance Services; Safety & Security Services; Livelihoods Services; Psychosocial Services; Cash Assistance Services'],1,['The service domains or program areas represented in the figure.'],['Service categories are central to discovering figures about specific forms of assistance.']
scale_bar_units,unit_of_measure,high,1,1,0.004761905,1,1,0,1,0,0,['Kilometers and miles'],1,['Units used in the map scale bar.'],['Scale units support interpretation and reuse of cartographic distance information.']
snapshot_language,language,high,1,1,0.004761905,1,1,0,1,0,0,['French'],1,['Language used in the figure text.'],['Language supports multilingual search and processing workflows.']
chart_purpose,subject_summary,medium,1,1,0.004761905,1,1,0,1,0,0,['Category Trend Comparison'],1,['High-level analytical purpose or comparison being made by the figure.'],['This captures that the figure compares category trends rather than presenting a single metric.']
source_dataset,data_source,high,1,1,0.004761905,1,0,1,0,0,1,['Serbia SLS 2002 and 2003; document abstract identifies these as Serbia Living Standard Surveys'],1,['The dataset or survey source underlying the table calculations.'],['Dataset provenance is critical for evaluating and reusing the reported estimates.']
source_access_date,data_source,medium,1,1,0.004761905,1,1,0,1,0,0,['06/12/2023'],1,['The date on which the cited data source was accessed.'],['Access date is useful for provenance and version-sensitive humanitarian data.']
sort_order,not_in_ontology,low,1,1,0.004761905,1,0,1,1,0,0,['Descending by Average Cost / Case (inferred from listed values)'],1,['The ordering applied to rows or categories in the snapshot.'],['Sort order helps interpret rankings and prioritize entities in the table.']
solution_categories,category_labels,high,1,1,0.004761905,1,1,0,1,0,0,['Voluntary Repatriation; Local Integration'],1,['Categories of durable or global solutions represented in the snapshot.'],['Solution categories make the snapshot discoverable for analysis of refugee intentions and durable solutions.']
software_tool,not_in_ontology,high,1,1,0.004761905,1,1,0,1,0,0,['Cytoscape'],1,['Software or tool used to produce the visualization when explicitly stated.'],['Software provenance can support reproducibility and identification of specialized visualization methods.']
socioeconomic_disaggregation,population_group,high,1,1,0.004761905,1,1,0,1,0,0,['Wealth index quintile: Poorest; Second; Middle; Fourth; Richest'],1,['Whether and how the data are disaggregated by socioeconomic status.'],['Socioeconomic breakdowns are valuable for equity and poverty-related discovery.']
chart_series_labels,series_labels,high,1,1,0.004761905,1,1,0,1,0,0,['Burundi; Low-income group; GDI; GDP; Exports; Imports'],1,['Legend labels identifying plotted series in the chart components of the snapshot.'],"['Series labels make chart data discoverable by comparator, macroeconomic aggregate, or trade indicator.']"
series_names,series_labels,high,1,1,0.004761905,1,1,0,1,0,0,['New PTAs; Cumulative Total'],1,['The named data series displayed in the figure legend.'],['Series labels distinguish the annual flow measure from the cumulative stock measure.']
comparison_dimensions,category_dimension,high,1,1,0.004761905,1,1,0,1,0,0,['Geographic area; wood product category; year'],1,['The main dimensions across which the data are compared.'],['Comparison dimensions clarify the analytical structure of the figure for reuse.']
quantitative_value_display,not_in_ontology,low,1,1,0.004761905,1,1,0,1,0,0,['Relative magnitude appears encoded by band width; numeric values are not displayed'],1,['How quantitative values are presented or whether explicit numeric labels are available.'],['Knowing whether values are explicit or only visually encoded affects analytical reuse and extraction strategy.']
publishing_organization,source_organization,high,1,1,0.004761905,1,1,0,1,0,0,['Cluster Protection Mali'],1,['Organization or cluster associated with producing or branding the snapshot.'],['The logo identifies the responsible humanitarian coordination actor for cataloging and provenance.']
province_names,geographic_entities,high,1,1,0.004761905,1,1,0,1,0,0,['ITURI; NORD-KIVU'],1,['Province-level geographic entities labeled in the snapshot.'],['Province names improve subnational geographic discovery and filtering.']
proposed_feature_status,not_in_ontology,low,1,1,0.004761905,1,1,0,1,0,0,['Wastewater treatment plant (proposed); wastewater collection system (proposed)'],1,"['Indicates whether mapped features are existing, proposed, planned, or otherwise status-qualified.']",['Feature status supports distinguishing planned investments from existing infrastructure.']
reporting_caveat,interpretive_note,high,1,1,0.004761905,1,1,0,1,0,0,"['Four countries reporting in 2020 compared to three countries reporting in 2019; while enrolment rates for the school year were high, a majority of those enrolled did not attend school due to COVID-19 restrictions']",1,['Footnotes or caveats affecting interpretation of reported indicators.'],['Caveats preserve important context about data comparability and interpretation.']
comparison_geographic_context,geographic_role,medium,1,1,0.004761905,1,0,1,1,0,0,['Syria'],1,['Secondary location used for comparison or prior-status grouping.'],['Syria provides the basis for grouping respondents by previous enrollment status.']
reported_statistical_measures,measure_type,high,1,1,0.004761905,1,0,1,1,0,0,['Coefficient; Std. Error'],1,['The statistical measures presented as columns or values in the table.'],['Knowing the reported measures supports analytical reuse and comparison across model results tables.']
source_publication_year,not_in_ontology,low,1,1,0.004761905,1,1,0,1,0,0,['2012'],1,['The year associated with the cited data source.'],['Source year helps distinguish the data reference period from the publication or figure reference year.']
reported_amounts,financial_metric,high,1,1,0.004761905,1,0,1,1,0,0,['36.00; 21.00; 15.00; 6.00; 0.00; 30.00'],1,['Numeric monetary values reported in the table.'],['Capturing reported values supports analytical reuse and numeric filtering when combined with indicators and units.']
relationship_type,category_dimension,medium,1,1,0.004761905,1,1,0,1,0,0,[],0,['The type of relationship represented between source and target categories.'],['Identifying the relationship type enables comparison across flow diagrams beyond the visible country labels.']
relationship_analyzed,subject_summary,medium,1,1,0.004761905,1,0,1,1,0,0,"['Effect of informality on poverty, controlling for GDP per capita']",1,['The substantive analytical relationship or hypothesis represented in the table.'],['This captures the semantic purpose of the table beyond individual variable names.']
related_program_or_initiative,project_name,high,1,1,0.004761905,1,0,1,1,0,0,['RACE; EMIS; WB EDP2; Support to Education Reform'],1,"['Named programs, initiatives, or systems referenced within table entries.']",['Named initiatives provide useful hooks for linking related project activities and funding records.']
related_document_sections,interpretive_note,medium,1,1,0.004761905,1,0,1,1,0,0,['Annex 2 for detailed description; Annex 3 for detailed cost breakdown'],1,['Referenced sections elsewhere in the document that provide supporting detail for the table.'],['Cross-references help users locate fuller context and provenance for the table data.']
reference_year,reference_date,high,1,1,0.004761905,1,1,0,1,0,0,['2023'],1,['Year associated with the cited data source or figure.'],"['The year supports temporal filtering, although it may indicate the source citation year rather than the exact data collection period.']"
reference_variable,comparison_group,medium,1,1,0.004761905,1,1,0,1,0,0,['Real output trend'],1,['The benchmark or reference variable against which the displayed values are measured.'],['The reference variable explains what fiscal revenues and expenditures are correlated with.']
comparison_geographies,comparison_group,high,1,1,0.004761905,1,1,0,1,0,0,"['Jordan, Iraq, Morocco, Egypt, Yemen, Sudan']",1,['Geographic entities used as comparators within the figure.'],['Comparator countries add discovery value beyond the document-level country metadata.']
reported_statistic_type,measure_type,high,1,1,0.004761905,1,0,1,1,0,0,['Coefficient estimates with t-statistics in parentheses'],1,['The type of statistical quantities reported in the table body.'],"['Knowing whether values are coefficients, standard errors, or test statistics is critical for interpreting table contents.']"
project_component_categories,project_component,high,1,1,0.004761905,1,0,1,1,0,0,['Wastewater Management Component; Flood Control and Drainage Component; Demining Component; Nature Protection Component'],1,['Major project components used as cost categories in the table.'],['Component categories allow discovery of cost tables by sectoral or operational activity.']
coordinate_fields,not_in_ontology,low,1,1,0.004761905,1,0,1,1,0,0,['Longitude (X); Latitude (Y)'],1,['Geographic coordinate attributes provided for named locations.'],['Coordinates support mapping and geospatial reuse of location-level records.']
progress_percentage,not_in_ontology,medium,1,1,0.004761905,1,1,0,1,0,0,['36%'],1,['The percentage completion or achievement relative to a target or reference value.'],['Progress percentage is important for comparing achievement levels across indicators.']
program_or_plan_names,project_name,high,1,1,0.004761905,1,0,1,1,0,0,['South Sudan Refugee Response Plan; Burundi Refugee Response Plan; DRC Refugee Response Plan'],1,"['Named response plans, programs, or initiatives listed as table categories.']",['Named plans are important entities for retrieval and linking related humanitarian financing data.']
program_or_framework,project_name,high,1,1,0.004761905,1,1,0,1,0,0,['HRP'],1,"['Named program, plan, or framework referenced by the figure.']",['The HRP reference helps associate the figure with a specific humanitarian planning framework.']
product_categories,category_labels,medium,1,1,0.004761905,1,1,0,1,0,0,['logs; sawnw.; veneers; plyw.'],1,['The product or commodity categories compared in the figure.'],['Product categories expose detailed commodity coverage not fully represented by document-level metadata.']
procurement_methods,category_labels,high,1,1,0.004761905,1,0,1,1,0,0,['ICB; NCB; Small Works; IS; NS; QCBS; LCS; Individual'],1,['Procurement method labels or codes listed in the table.'],['Procurement methods are key searchable concepts for analytical reuse of procurement tables.']
primary_mapped_feature,location_type,high,1,1,0.004761905,1,1,0,1,0,0,['Squatter settlements'],1,"['Main type of place, asset, population location, or feature shown on the map.']",['This captures the central semantic subject of the map beyond the broader document metadata.']
question_text,not_in_ontology,low,1,1,0.004761905,1,1,0,1,0,0,['¿Cuánto tiempo estuvo viviendo en ese país?'],1,['Survey or questionnaire item represented by the visualization.'],"['The figure appears to visualize responses to a specific survey question, which is highly useful for finding survey-based evidence.']"
record_count,not_in_ontology,high,1,1,0.004761905,1,0,1,1,0,0,['20'],1,['The number of entities or records included in the snapshot.'],['The count helps users understand coverage and supports filtering by table size or sample scope.']
recommendation_theme,subject_domain,high,1,1,0.004761905,1,0,1,1,0,0,['Clean cooking; energy access; secondary education; financial inclusion; social protection; employment access; food assistance; cash transfers; food security'],1,['Topical categories represented by the recommendation text.'],['Recommendation themes support retrieval of policy-relevant insights across tables.']
recommendation_text,not_in_ontology,low,1,1,0.004761905,1,0,1,1,0,0,"['Recommendations include increasing access to clean cooking fuels, expanding energy access, supporting transition to secondary school, expanding financial inclusion, improving legal work pathways, synchronizing cash transfers, and shifting from in-kind to cash transfers.']",1,"[""Narrative recommendation content associated with the table's indicators.""]",['Recommendations add actionable policy context that is often not captured by numeric values alone.']
rating_value,not_in_ontology,high,1,1,0.004761905,1,0,1,1,0,0,['S'],1,['Observed coded rating values appearing in the table body.'],['Captured rating values help users find tables containing performance assessments.']
rating_scale,category_labels,high,1,1,0.004761905,1,0,1,1,0,0,"['HS (Highly Satisfactory), S (Satisfactory), U (Unsatisfactory), HU (Highly Unsatisfactory)']",1,['The coded scale used to interpret qualitative assessment ratings.'],['The scale enables interpretation and comparison of coded rating values.']
ranking_scope,not_in_ontology,medium,1,1,0.004761905,1,0,1,1,0,0,['Top 5'],1,['The ranking subset or selection rule represented in the table.'],['Ranking scope helps users distinguish full distributions from top-N summaries.']
comparison_baseline_period,time_period,high,1,1,0.004761905,1,1,0,1,0,0,['2019'],1,['Baseline year or period used for comparison against current values.'],['The baseline period explains the temporal reference for the reported evolution metrics.']
ranked_dimension,category_dimension,medium,1,1,0.004761905,1,0,1,1,0,0,['Zones de santé'],1,['The dimension whose entities are ranked in the snapshot.'],['This field clarifies what is being compared in the ranked list.']
primary_indicator,indicator_name,high,1,1,0.004761905,1,0,1,1,0,0,['Effect of public schools provision on household education spending'],1,"['The main indicator, outcome, or analytical measure presented in the table.']",['Identifying the core indicator supports retrieval of tables about education spending and public school provision.']
assessment_or_data_collection,data_collection_method,high,1,1,0.004761905,1,1,0,1,0,0,['NLAs'],1,"['The named assessment, survey, or data collection instrument referenced by the snapshot.']",['Assessment names provide provenance and help users find comparable learning-outcome data.']
comparison_labels,comparison_group,medium,1,1,0.004761905,1,0,1,1,0,0,['Mixed model versus standard Poisson; Mixed model versus standard negative binomial'],1,"['Labels identifying the comparisons, groups, or cases reported in the table.']",['Comparison labels expose the substantive content of the table beyond the title.']
annotation_type,not_in_ontology,high,1,1,0.004761905,1,1,0,1,0,0,['Horizontal reference lines in price panel; vertical shaded break markers in returns panel'],1,['Semantic type of analytical annotations shown in the figure.'],['Annotations indicate additional analytical results beyond the raw time series.']
annotation_description,not_in_ontology,high,1,1,0.004761905,1,1,0,1,0,0,"['Dotted oval highlights the 2003Q1–2003Q2 downturn area, especially for Singapore and nearby series (inferred from the visual annotation).']",1,['A description of explicit visual annotations or highlighted regions in the figure.'],['Annotations often identify the key event or pattern the figure is intended to emphasize.']
assistance_type,intervention_type,high,1,1,0.004761905,1,0,1,1,0,0,"[""food distribution, inferred from row text 'collect the food'""]",1,"['The type of assistance, service, or commodity associated with the table.']",['Assistance type improves discovery by linking access barriers to the relevant aid modality.']
analytical_topic,subject_summary,high,1,1,0.004761905,1,1,0,0,0,1,['Commodity price volatility and structural breaks'],1,['Main analytical topic or phenomenon addressed by the snapshot.'],['This topic connects the figure to the document’s core research question and improves thematic discovery.']
analytical_tool,analysis_method,high,1,1,0.004761905,1,1,0,0,1,0,['TRIST (tariff reform impact simulation tool)'],1,"['The model, tool, or analytical framework associated with the figure.']",['Tool metadata supports discovery of figures generated from or related to a specific analytical framework.']
analytical_specification,analysis_method,medium,1,1,0.004761905,1,0,1,1,0,0,['Using dummies for the highest degree completed'],1,['A concise description of the modeling or variable specification used to produce the reported estimates.'],['Specification details help distinguish otherwise similar wage decomposition tables.']
reference_population,population_group,high,1,1,0.004761905,1,1,0,1,0,0,['Refugees'],1,['Denominator or broader population against which the focal measure is calculated.'],['The reference population is necessary to interpret the 1% disability proportion.']
axis_value_range,not_in_ontology,medium,1,1,0.004761905,1,1,0,1,0,0,['0.0% to -9.0% on the visible vertical axis'],1,['The displayed numeric range of the quantitative axis.'],['The visible range helps characterize the magnitude of effects shown in the figure.']
analytical_feature,category_labels,medium,1,1,0.004761905,1,1,0,1,0,0,['Detected breaks'],1,['Analytical feature or event type highlighted in the figure.'],['Detected breaks are substantive results that support discovery of volatility and structural-change analyses.']
analytical_concept,indicator_name,medium,1,1,0.004761905,1,1,0,0,0,1,['Structural breaks in volatility'],1,['The statistical or analytical concept underlying the displayed measure.'],['This field captures the substantive analytical meaning beyond the axis labels and aligns with the document topic.']
analysis_variables,indicator_name,high,1,1,0.004761905,1,0,1,1,0,0,['Trade; Tariff; PE; CE; RE; SI; GNI; GNIPC; Distance'],1,['The variables or indicators included in the table analysis.'],['Variable names are central to discovering what relationships the table reports.']
seasonal_adjustment,calculation_method,high,1,1,0.004761905,1,1,0,1,0,0,['Seasonally adjusted'],1,['Whether and how the data have been adjusted for seasonal variation.'],['Seasonal adjustment affects comparability and interpretation of time-series economic data.']
scenario_or_assumption,category_dimension,medium,1,1,0.004761905,1,1,0,1,0,0,['No risk aversion; risk aversion with ρ = 2; risk-free situation'],1,"['Model scenarios, assumptions, or cases compared within the figure.']",['Scenario metadata enables filtering and comparison of figures by modeling assumptions.']
scenario_dimension,category_dimension,high,1,1,0.004761905,1,1,0,1,0,0,['Accelerated and gradual reform scenarios'],1,['The scenario or alternative-policy dimension used to structure the comparison.'],['Scenario metadata enables discovery and comparison of model-based policy alternatives.']
baseline_or_target_values,not_in_ontology,high,1,1,0.004761905,1,0,1,1,0,0,"['Examples include 20%, 30%, 50%, 60%, 70%, 75%, 80%, 90%, 100%, 0, 1, 3, 5, 7, 10, 20, 30, 40, 50, 200, 244']",1,"['Numeric values used as baselines, milestones, or targets in the table.']",['Capturing the existence and range of target values enables discovery of quantitative project monitoring data.']
authoring_unit,source_organization,high,1,1,0.004761905,1,1,0,1,0,0,['Author: UNHCR - RBSA DIMA Unit'],1,['The unit credited with authoring or producing the snapshot.'],['Authoring unit improves provenance and allows retrieval of products by producing team.']
reference_marker,comparison_group,medium,1,1,0.004761905,1,1,0,1,0,0,['Current income; income in risk-free situation'],1,"['Benchmark lines, markers, or reference values used to contextualize plotted data.']",['Reference markers provide interpretive anchors that are important for understanding the plotted relationships.']
reference_line,not_in_ontology,high,1,1,0.004761905,1,1,0,1,0,0,['45 degree line'],1,"['A benchmark, threshold, or reference line included to aid interpretation of the chart.']",['Reference lines clarify how plotted values should be compared or interpreted.']
role_or_skill_categories,category_labels,high,1,1,0.004761905,1,0,1,1,0,0,['Task Team Leader; Education Specialist; Education Economist/Data Specialist; Operations Officer; FM Specialist; Procurement Specialist; Social Development Specialist; Environmental Specialist'],1,"['Named staff roles, expertise areas, or skill categories listed in the table.']",['Role categories support searching for operational staffing needs and specialist expertise.']
robustness_adjustment,analysis_method,medium,1,1,0.004761905,1,0,1,1,0,0,['Heteroskedasticity-robust t(z)-statistics are presented below the corresponding coefficients'],1,['Adjustments or corrections applied to reported statistical inference.'],['Inference adjustments improve reuse by indicating how uncertainty estimates were calculated.']
risk_scale,category_labels,medium,1,1,0.004761905,1,1,0,1,0,0,['Further Risk of Transmission: Red = Very High; Orange = High; Yellow = Moderate; Green = Low'],1,['Legend or scale mapping visual encodings to risk levels.'],['Risk scale metadata enables users to discover figures that classify entities by severity or risk level.']
rights_violation_categories,category_dimension,high,1,1,0.004761905,1,0,1,1,0,0,['Droit à la liberté; Droit à la propriété; Droit à l’intégrité physique; VBG; Violations graves des droits de l’enfant (rés. 1612)'],1,['Categories of rights violations or abuses reported in the table.'],['These categories are central to discovering and comparing protection-related data.']
rights_statement,interpretive_note,high,1,1,0.004761905,1,1,0,1,0,0,"['© UNHCR, The UN Refugee Agency']",1,['Copyright or rights notice displayed with the snapshot.'],['Rights information helps manage reuse and attribution of extracted figures.']
rights_or_boundary_disclaimer,interpretive_note,high,1,1,0.004761905,1,1,0,1,0,0,"['The boundaries, colors, denominations and any other information shown on this map do not imply, on the part of The World Bank Group, any judgment on the legal status of any territory, or any endorsement or acceptance of such boundaries.']",1,['Disclaimer or note qualifying interpretation of map boundaries and territorial information.'],['Boundary disclaimers are important provenance and interpretation metadata for geopolitical maps.']
aggregate_label,category_labels,medium,1,1,0.004761905,1,0,1,1,0,0,['المجموع'],1,['The label identifying aggregate or total rows or columns.'],['Aggregate labels help distinguish totals from component financial values.']
results_indicator_type,category_dimension,medium,1,1,0.004761905,1,0,1,1,0,0,['Intermediate Results Indicators'],1,['The type or level of results indicators represented in the table.'],['Distinguishing intermediate results indicators from outcome or PDO indicators improves analytical reuse.']
results_domain,subject_domain,high,1,1,0.004761905,1,0,1,1,0,0,['Socio-economic infrastructure; development of economic opportunities; business development training; income generation; climate-resilient infrastructure'],1,['Broad substantive domain represented by the indicators in the table.'],['Domain metadata improves topical discovery beyond the exact wording of indicator names.']
responsible_entity,source_organization,medium,1,1,0.004761905,1,0,1,1,0,0,['Secretary General of MOH; Task force; idem; mutuals'],1,"['Institution, unit, or actor responsible for reporting or implementation in the table.']","['Responsible entities are important for accountability, provenance, and institutional search.']"
resource_or_service,intervention_type,high,1,1,0.004761905,1,0,1,1,0,0,['food'],1,"['The good, service, or assistance type being accessed or measured.']",['The assistance type helps users find tables related to food access and service delivery.']
comparison_group_labels,comparison_group,high,1,1,0.004761905,1,1,0,1,0,0,['Sub-Saharan Africa; Other'],1,['Groups or series compared within the visualization.'],['Comparison groups expose the analytical contrast represented in the figure.']
research_design,analysis_method,medium,1,1,0.004761905,1,0,1,0,0,1,['Large-scale randomized community intervention with planned treatment status'],1,['The study or evaluation design underlying the reported estimates.'],['Research-design metadata helps users find tables from randomized or quasi-experimental evaluations.']
reporting_organization,source_organization,medium,1,1,0.004761905,1,0,1,1,0,0,['IFC'],1,['The institution whose portfolio or data are represented in the table.'],['Identifying the reporting organization supports provenance tracking and institution-specific discovery.']
reporting_entity,source_organization,medium,1,1,0.004761905,1,0,1,1,0,0,['Split Water and Sewerage Company (SWSC)'],1,"['The organization, utility, firm, or institutional unit whose data are reported.']",['The reporting entity is essential for finding entity-specific financial information not captured at document level.']
review_requirement,category_dimension,medium,1,1,0.004761905,1,0,1,1,0,0,['All; First & >1.00; None'],1,['Rules indicating which contracts are subject to prior review.'],['Prior review requirements are a core semantic element of the table and useful for governance-related discovery.']
total_values,not_in_ontology,high,1,1,0.004761905,1,0,1,1,0,0,['776; 980; 910; 272; 00; 47292'],1,['Aggregate total values reported across the table categories.'],['Totals provide searchable summary values for the snapshot’s main quantitative findings.']
total_observed_value,not_in_ontology,high,1,1,0.004761905,1,0,1,1,0,0,"['2,299']",1,['Overall total count reported across all categories and territories.'],['The overall total provides a concise quantitative summary for discovery and ranking.']
amount_scale,unit_of_measure,medium,1,1,0.004761905,1,0,1,1,0,0,['Millions'],1,['Numeric scale applied to monetary amounts.'],['Amount scale prevents misinterpretation of financial values during analytical reuse.']
topical_scope,subject_domain,high,1,1,0.004761905,1,1,0,0,0,1,['Commodity price volatility'],1,['Broad topical area represented by the snapshot.'],"[""The topic links the chart to the document's main research theme while reflecting the chart content.""]"
topic_section,subject_domain,high,1,1,0.004761905,1,1,0,1,0,0,['Poverty and Social; Key Economic Ratios and Long-Term Trends; Structure of the Economy; Development diamond; Economic ratios; Growth rates of output and investment'],1,['Major thematic sections or panels represented in the snapshot.'],['Section labels summarize the substantive domains covered by the table and charts.']
topic_keywords,subject_domain,medium,1,1,0.004761905,1,1,0,1,0,0,['situation awareness; blame refugees; blame on refugees; blame the refugees'],1,['Key topical terms visible in labels that describe the subject matter of the data.'],['Topical keywords improve retrieval for the specific concepts represented in the figure.']
analysis_context,subject_summary,high,1,1,0.004761905,1,0,1,0,0,1,"['Empirical analysis of remittance flows using migration, financial development, macroeconomic, demographic, and institutional variables']",1,['The broader analytical context in which the table’s variables are used.'],['This field links the table to its research use case and improves analytical reuse.']
topic_context,subject_domain,high,1,1,0.004761905,1,0,1,0,0,1,['child labor; survey design; labor force participation rate; child work'],1,['Broad thematic concepts represented by the table.'],['Topical context improves retrieval beyond the exact wording of the table title.']
statistical_significance_encoding,indicator_definition,medium,1,1,0.004761905,1,0,1,1,0,0,"['*** indicates significance at 1%, ** at 5%, * at 10%']",1,['The notation used to indicate statistical significance thresholds.'],['Significance encoding helps users interpret coefficient markings consistently.']
topic,subject_summary,high,1,1,0.004761905,1,0,1,0,0,1,['Water metering and water tariff fairness'],1,['Main analytical topic or policy issue represented in the table.'],['The topic improves thematic discovery for users seeking evidence on metering and tariff design.']
top_category,category_labels,medium,1,1,0.004761905,1,1,0,1,0,0,"['USA: 2,737']",1,['Highest-ranked category and its displayed value.'],['The leading category is often important for quick discovery and summary comparison.']
analysis_method_label,analysis_method,medium,1,1,0.004761905,1,1,0,1,0,0,['KL; IT'],1,"['Abbreviated labels for analytical methods, tests, or classifications used to produce or compare results.']","['Capturing method labels helps users find figures comparing alternative analytical approaches, even when abbreviations are not expanded in the snapshot.']"
time_points,time_period,medium,1,1,0.004761905,1,0,1,1,0,0,['1999; 2001; 2002; 2009'],1,['Specific years or dates reported as individual observations in the table.'],['Time points support precise filtering and comparison across tables with annual values.']
analysis_perspective,analysis_method,medium,1,1,0.004761905,1,0,1,1,0,0,['Economic Analysis; Financial Analysis; Fiscal Impact'],1,['Analytical perspective or viewpoint used to organize measures in the table.'],"['Analytical perspectives support comparison of economic, financial, and fiscal results across project tables.']"
value_measure,indicator_name,high,1,1,0.004761905,1,0,1,1,0,0,['Present Value of Flows; Fiscal Impact'],1,['Main quantitative measure or measurement concept represented by the table columns.'],['Capturing the measure represented in the table enables retrieval of present-value and fiscal-impact information.']
value_column_meaning,financial_metric,medium,1,1,0.004761905,1,0,1,1,0,0,['Monetary amount'],1,['Semantic meaning of the numeric value column.'],['This clarifies that the right-hand values are amounts rather than percentages or counts.']
value_classification_scheme,category_labels,high,1,1,0.004761905,1,1,0,1,0,0,"['Poverty rate bins: 0-10, 10-20, 20-30, 30-40, 40-50, 50-60, 60-70, 70-80, 80-90, 90-100']",1,['The legend classes or value intervals used to group numeric indicator values.'],['Classification bins are important for analytical reuse of choropleth maps and interpretation of mapped ranges.']
analysis_level,geographic_granularity,medium,1,1,0.004761905,1,0,1,0,1,0,"['Cross-country level, inferred from the document abstract']",1,['The observational or analytical level represented by the data.'],['Analysis level helps users determine whether the table is comparable with other country-level datasets.']
table_values,not_in_ontology,high,1,1,0.004761905,1,0,1,1,0,0,['Total Project Cost=100.00; Total Financing=100.00; of which IBRD/IDA=98.00; Financing Gap=0.00'],1,['Key label-value pairs represented in the table.'],['Capturing table values enables retrieval and analytical reuse of data otherwise locked in the image.']
table_topic,subject_summary,high,1,1,0.004761905,1,0,1,1,0,0,"['Development projects/programs, development agencies, funding amounts, and IP/DO ratings']",1,['The main subject or analytical purpose of the table.'],['This summarizes the table’s semantic content beyond the document-level project description.']
time_period_labels,time_period,high,1,1,0.004761905,1,1,0,1,0,0,['2010-2011; 2011-2012; 2012-2013; 2013-2014'],1,"[""The discrete time categories shown along the figure's time axis.""]",['Discrete period labels expose the specific years available for analysis.']
time_or_round_variable,temporal_granularity,high,1,1,0.004761905,1,0,1,1,0,0,['Second round'],1,"['A time, wave, or survey-round variable included in the reported estimates.']",['Survey-round information helps users identify temporal structure in the analysis.']
time_granularity,temporal_granularity,high,1,1,0.004761905,1,0,1,1,0,0,"['Fiscal year, annual']",1,['The temporal resolution at which values are reported.'],['Annual fiscal-year granularity supports comparison with other budget and disbursement tables.']
threshold_values,not_in_ontology,high,1,1,0.004761905,1,0,1,1,0,0,['>1.00; >2.00; >0.05; <0.05; >0.40; <0.05; >0.20; <0.05'],1,['Observed monetary threshold values or ranges shown in the table.'],['Threshold values support comparison across projects and procurement categories.']
threshold_measure,financial_metric,medium,1,1,0.004761905,1,0,1,1,0,0,['Contract Value (Threshold)'],1,['The measure used to define monetary thresholds for applying procurement methods.'],['Identifying the threshold measure enables discovery of tables containing operational procurement rules.']
thematic_sector,subject_domain,high,1,1,0.004761905,1,1,0,1,0,0,['Protection'],1,['Humanitarian or programmatic sector represented by the figure.'],['The sector is central for thematic discovery and aligns the map with protection-related response data.']
aggregation_statistic,calculation_method,high,1,1,0.004761905,1,1,0,1,0,0,['Annual country-group medians of filtered variables'],1,['Statistic used to aggregate observations before plotting.'],['Aggregation method is essential for analytical reuse and correct interpretation of the plotted points.']
thematic_scope,subject_domain,high,1,1,0.004761905,1,1,0,1,0,0,['Inferred: humanitarian displacement and response financing'],1,['Broad thematic domain addressed by the snapshot.'],"['The theme connects refugee, IDP, returnee, funding, and requirements data for topical discovery.']"
thematic_layers,location_type,high,1,1,0.004761905,1,1,0,1,0,0,"[""Airports/airfields; major highways; two or more lanes, hard surfaced roads; railroads; built-up areas; UNRWA refugee camps; Israeli settlements; armistice demarcation lines; no-man's land areas; Jerusalem city limit; international boundaries""]",1,['The main informational layers or feature classes represented on the map.'],['Thematic layers expose detailed map content that is not fully captured by document-level metadata.']
aggregation_levels,row_dimension,medium,1,1,0.004761905,1,0,1,1,0,0,['Location rows; country subtotals; grand total'],1,['The levels at which values are reported or summarized in the table.'],['Aggregation metadata helps users distinguish detailed records from summary totals.']
thematic_context,subject_domain,high,1,1,0.004761905,1,1,0,0,1,0,"['Climate variability, climatic shocks, household consumption, farm profits, poverty impacts']",1,['High-level subject matter associated with the snapshot based on the source document.'],['Thematic context helps connect an otherwise sparsely labeled map to the document’s analytical focus.']
aggregation_note,calculation_method,high,1,1,0.004761905,1,1,0,1,0,0,"['Export destination breakdown for the EU region includes Italy, France, the United Kingdom, and Spain; the MNA region includes Saudi Arabia, Jordan, Lebanon, Iraq, and Egypt; exports to other regions are negligible.']",1,['Explanatory note about how categories or aggregates in the figure are constructed.'],['Aggregation notes are important for interpreting regional groupings and comparing them with other figures.']
territory_names,geographic_entities,high,1,1,0.004761905,1,1,0,1,0,0,['Mambasa; Irumu; Beni; Lubero; Aru; Mahagi; Djugu; Oïcha; Rutshuru; Walikale; Masisi; Nyiragongo'],1,['Territory-level geographic entities labeled in the snapshot.'],['Territory names support fine-grained geographic search and spatial comparison.']
temporal_sampling,temporal_granularity,high,1,1,0.004761905,1,0,1,1,0,0,['Selected years'],1,"['Whether the table reports continuous periods, selected years, intervals, or another temporal sampling pattern.']",['This clarifies that the table does not provide annual observations for every year in the range.']
temporal_resolution,temporal_granularity,high,1,1,0.004761905,1,1,0,1,0,0,"['Annual, inferred from year labels 2014 through 2022']",1,['The frequency or granularity of the time series data.'],['Temporal resolution helps users assess whether the figure supports annual trend analysis.']
travel_requirement,not_in_ontology,high,1,1,0.004761905,1,0,1,1,0,0,['Field trips as required'],1,['Travel expectation or trip requirement associated with staff roles.'],['Travel requirements help users discover operational support and supervision arrangements.']
aggregation_label,category_labels,high,1,1,0.004761905,1,0,1,1,0,0,['Total Humanitarian Requirements Uganda'],1,['Label used for an aggregate or total row in the table.'],['Aggregate labels help distinguish summary values from component rows.']
x_axis_range,not_in_ontology,high,1,1,0.004761905,1,1,0,1,0,0,['-2 to 2'],1,['The numeric range shown on the horizontal axis.'],['Axis ranges help characterize the domain of the plotted adjustment function for analytical reuse.']
x_axis_indicator,indicator_name,high,1,1,0.004761905,1,1,0,1,0,0,['Average GDP growth rate'],1,['The indicator or variable plotted on the horizontal axis.'],['The x-axis indicator is essential for understanding what quantitative relationship the figure depicts.']
variable_definitions,indicator_definition,high,1,1,0.004761905,1,0,1,1,0,0,"['Pos Shortage: Dummy=1 if Shortage is positive; ShortageW, ShortageB, and ShortageK are shortages for white collar, blue collar, and capital; Open is the annual change in tariff levels']",1,['Definitions or explanations of variables used in the table.'],['Variable definitions improve interpretability and machine reuse of statistical tables.']
aggregate_total,measure_type,high,1,1,0.004761905,1,0,1,1,0,0,"['2,474']",1,['Overall total value reported across all categories and territories.'],['The aggregate total provides a compact quantitative summary useful for ranking and comparison.']
variable_operationalization,indicator_definition,high,1,1,0.004761905,1,0,1,1,0,0,['University Degree; Years of Schooling'],1,['How the main explanatory variable is measured or operationalized.'],['Different education measures are analytically important and structure the two table panels.']
variable_transformation,calculation_method,high,1,1,0.004761905,1,0,1,1,0,0,['All variables are in logs'],1,['Any transformation applied to variables before analysis.'],['Transformation notes are essential for analytical reuse and correct interpretation of results.']
aggregate_financial_amount,financial_metric,high,1,1,0.004761905,1,1,0,1,0,0,['$209M overall financial requirements; $173M funding gap; $18M funding'],1,['Central or total monetary amounts summarized by the financial charts.'],"['Aggregate amounts are key analytical facts for comparing requirements, gaps, and received funding.']"
aggregate_category_present,category_labels,medium,1,1,0.004761905,1,0,1,1,0,0,['Total'],1,['Indicates whether the table includes an aggregate or total category.'],['Aggregate categories help users understand whether subgroup values are summarized.']
value_bins,category_labels,high,1,1,0.004761905,1,1,0,1,0,0,['Moins de 17 000; 17 001 - 40 000; 40 001 - 80 000; 80 001 - 130 000; Plus de 130 000'],1,['Categorical value ranges used to classify the indicator in the legend.'],['Bins describe how quantitative values are grouped and are important for interpreting the choropleth.']
visual_encoding,visualization_type,high,1,1,0.004761905,1,0,1,1,0,0,['Horizontal bar indicators for Total Funded (%)'],1,['Semantic chart-like encoding embedded in or associated with the table.'],['Embedded visual encodings can indicate how quantitative values are meant to be compared.']
affected_population_group,population_group,high,1,1,0.004761905,1,0,1,1,0,0,['PDIs; communauté peuhle; militaires; humanitaires; membres de la population; élèves; ménages'],1,['Population groups or stakeholders affected by the incidents.'],"['Affected groups improve discovery of incidents relevant to displaced persons, civilians, students, or humanitarian actors.']"
administrative_location,geographic_entities,high,1,1,0.004761905,1,0,1,1,0,0,['Nord/Yatenga/Barga; Nord/Loroum/Ouindigui; Nord/Loroum/Banh/Dagomba; BMH/Kossi/Bouni; BMH/Kossi/Kombori; BMH/Sourou/Kiembara'],1,['Specific administrative or locality names associated with table rows.'],['Locality values enable place-based discovery of incidents described in the table.']
visual_geographic_reference,geographic_entities,medium,1,1,0.004761905,1,0,1,1,0,0,[],0,['Geographic reference conveyed through an embedded map or spatial marker.'],"['The map suggests spatial context beyond the row labels, though the exact area is not labeled.']"
administrative_boundary_types,location_type,medium,1,1,0.004761905,1,1,0,1,0,0,['County boundaries; international boundaries'],1,['Types of administrative or political boundaries shown in the snapshot.'],['Boundary types help users identify maps suitable for administrative or jurisdictional analysis.']
administrative_boundary_type,location_type,high,1,1,0.004761905,1,1,0,1,0,0,['Greater Amman City Limit'],1,['Administrative or jurisdictional boundary shown in the snapshot.'],['Boundary information supports spatial interpretation and comparison across maps.']
administrative_areas_highlighted,geographic_entities,high,1,1,0.004761905,1,1,0,1,0,0,"['Territoires de Beni, Lubero, Irumu et Mambasa']",1,['Named administrative areas visually emphasized as the focus of the map.'],['Highlighted areas identify the specific subnational units most relevant to the mapped data.']
x_axis_categories,category_labels,high,1,1,0.004761905,1,1,0,1,0,0,['Sustainable; Demonstrated; Developed; Limited; No Capacity'],1,['Categorical values used on the horizontal axis.'],['The category labels make the figure discoverable by classification levels rather than only by title.']
age_group_categories,population_group,high,1,1,0.004761905,1,1,0,1,0,0,['5–11; 12–17; 18–59; 60+'],1,['Age ranges used to group the population in the snapshot.'],['Age group categories support reuse and comparison of demographic breakdowns.']
analysis_population,population_group,medium,1,1,0.004761905,1,1,0,0,1,0,"['Monthly panel dataset on 45 individual commodity prices, from the end of the 18th century until today']",1,"['Population, sample, or dataset universe underlying the analysis.']",['The document abstract supplies essential context about the commodities and data universe underlying the chart.']
unselected_financing_sources,financing_source,medium,1,1,0.004761905,1,0,1,1,0,0,['Counterpart Funding; IDA Credit; IDA Grant; Parallel Financing; Crisis Response Window; Regional Projects Window'],1,['The financing source categories shown but not marked as applicable.'],['Unselected financing options help distinguish applicable sources from merely available categories.']
unit_of_observation,category_dimension,medium,1,1,0.004761905,1,1,0,1,0,0,['Product lines'],1,['Entity or observational unit represented in the visualization.'],['Knowing that nodes represent product lines supports interpretation and reuse of the network data.']
underlying_data_sources,data_source,high,1,1,0.004761905,1,1,0,1,0,0,['VHLSS 2006; ARFC 2006'],1,['Named datasets or source materials used to generate the figure.'],['Dataset names enable discovery of figures derived from specific surveys or census-related sources.']
uncertainty_statistic,not_in_ontology,low,1,1,0.004761905,1,0,1,1,0,0,[],0,"['Uncertainty, precision, or test statistic reported alongside estimates.']",['Uncertainty-statistic metadata supports interpretation of statistical reliability.']
abbreviation_terms,not_in_ontology,high,1,1,0.004761905,1,0,1,1,0,0,['TWI; DND; HAND; Rain (Int. + Dur)'],1,['Abbreviated terms or acronyms appearing in the snapshot.'],['Acronym capture improves keyword discovery even when terms are abbreviated in the table.']
trend_direction,not_in_ontology,high,1,1,0.004761905,1,1,0,1,0,0,['Increasing from 431 to 573 million USD'],1,['The overall directional pattern shown by the data series.'],"['Trend direction supports discovery of figures showing increases, declines, or stability over time.']"
actual_value,not_in_ontology,high,1,1,0.004761905,1,0,1,1,0,0,['67%; 75%'],1,['The values reported for indicators at the actual or current measurement point.'],['Actual values are needed to assess observed progress against baseline levels.']
x_axis_unit_of_measure,unit_of_measure,high,1,1,0.004761905,1,1,0,1,0,0,['Billion USD'],1,['The unit of measure associated with the horizontal-axis variable.'],['Units are necessary for interpreting and reusing quantitative information from the figure.']
variable_group,category_dimension,medium,1,1,0.004761905,1,0,1,1,0,0,['Regional variables'],1,['Named grouping or section heading organizing variables within the table.'],['Variable groups improve browsing and retrieval of thematically organized table content.']
y_axis_unit_of_measure,unit_of_measure,high,1,1,0.004761905,1,1,0,1,0,0,['Percent (%)'],1,['The unit of measure associated with the vertical-axis variable.'],['The percent unit is essential for interpreting the magnitude of the growth-rate values.']
variable_grouping,category_dimension,medium,1,1,0.004761905,1,0,1,1,0,0,['Household variables; Commune variables'],1,['Higher-level groups used to organize explanatory variables in the table.'],"['Variable groupings help users understand whether predictors operate at household, community, or other levels.']"
y_axis_measures,indicator_name,high,1,1,0.004761905,1,1,0,1,0,0,['Number of Students; Percentage of Syrian Students out of Total'],1,['The quantitative measures represented on the vertical axes.'],['Y-axis measures help distinguish the chart’s count and percentage scales.']
variable_groups,category_dimension,high,1,1,0.004761905,1,0,1,1,0,0,['Individuals Characteristics; Head of Household (HH) Characteristics; Dwelling Characteristics; Family Characteristics; Government Effort'],1,['The thematic groupings used to organize explanatory variables in the table.'],['Variable groupings expose semantic content that is often not captured in document-level metadata.']
y_axis_indicator,indicator_name,high,1,1,0.004761905,1,1,0,1,0,0,['Average agricultural growth rate'],1,['The indicator or variable plotted on the vertical axis.'],['The y-axis indicator identifies the outcome or comparison variable shown in the figure.']
y_axis_dimension,category_dimension,medium,1,1,0.004761905,1,1,0,1,0,0,['Level of Transmission'],1,['The semantic dimension represented along the vertical axis.'],['This field identifies the transmission classification used to organize the plotted entities.']
y_axis_categories,category_labels,high,1,1,0.004761905,1,1,0,1,0,0,['No Cases; Potential for Imports; Imported case; Local Transmission; Community Transmission'],1,['Categorical values used on the vertical axis.'],['These labels expose important disease-transmission states for filtering and comparison.']
variable_notation,not_in_ontology,high,1,1,0.004761905,1,1,0,1,0,0,['M_int; Y; K_D; K_S; M_Oil; X_D; X_S; J; K_d'],1,['Mathematical symbols or variable names used in the table.'],['Variable notation improves retrieval of model-specific parameters and links the table to equations in the document.']
trend_category,category_labels,high,1,1,0.004761905,1,1,0,1,0,0,['Improved (% of non-readers declined); Stagnant; Declined'],1,['The qualitative grouping or trend classification applied to categories in the figure.'],['Trend categories summarize analytical interpretation that may not be captured in document-level metadata.']
subcomponent_categories,project_component,high,1,1,0.004761905,1,0,1,1,0,0,['Vinkovci Wastewater Treatment Plant; Vinkovci Collection System Extension; Eastern Slavonia Area; Baranja Area; De-mining (Eastern Slavonia); De-mining (Baranja)'],1,['Lower-level activities or areas itemized beneath major project components.'],['Subcomponent labels provide granular access to specific investments and locations within the table.']
study_period,time_period,high,1,1,0.004761905,1,1,0,0,1,0,"['1982-95, stated in the document abstract as the sample period']",1,['The time period covered by the underlying analysis or data.'],['The study period provides temporal context for interpreting the estimated adjustment functions.']
calendar_type,temporal_granularity,high,1,1,0.004761905,1,0,1,1,0,0,['WB Fiscal Year'],1,['Calendar or fiscal-year system used for the time dimension.'],['Identifying the fiscal calendar clarifies the meaning of the year columns.']
stratification_variable,category_dimension,medium,1,1,0.004761905,1,0,1,1,0,0,['Quartile of asset distribution'],1,['Variable used to divide observations into comparison groups.'],['The stratification variable is central to interpreting differences across the table columns.']
stratification_categories,category_labels,high,1,1,0.004761905,1,0,1,1,0,0,['Bottom; 2nd; 3rd; Top'],1,['Category labels used for the stratification variable.'],['These labels support faceted discovery of tables comparing distributional groups.']
status_or_qualification_note,interpretive_note,high,1,1,0.004761905,1,0,1,1,0,0,"['Nine loans and fifty one credits closed; less cancellations; not yet signed; total approved, repayments, and outstanding balance represent both active and inactive loans and credits']",1,"['Status statements, qualifiers, or explanatory notes affecting interpretation of the table values.']",['Qualification notes are important for correctly interpreting financial totals and operation status.']
status_filter,not_in_ontology,medium,1,1,0.004761905,1,1,0,1,0,0,['In force'],1,['A condition or status restriction applied to the observations included in the snapshot.'],['The in-force restriction materially affects what agreements are counted and supports precise discovery.']
statistical_uncertainty_measure,not_in_ontology,high,1,1,0.004761905,1,0,1,1,0,0,['Standard errors shown in parentheses'],1,['The uncertainty measure accompanying the reported estimates.'],['Uncertainty metadata helps users interpret whether the table contains inferential statistics.']
treatment_variable,intervention_type,medium,1,1,0.004761905,1,0,1,1,0,0,['Planned Treatment'],1,"['The intervention, treatment, or exposure variable whose association or effect is estimated.']",['Capturing the treatment variable supports comparison of program-impact estimates across tables.']
statistical_significance_threshold,interpretive_note,high,1,1,0.004761905,1,0,1,1,0,0,['** significant at the 1% level'],1,['The meaning of statistical significance symbols used in the table.'],['Significance metadata is needed to interpret statistical estimates correctly.']
statistical_significance_notation,not_in_ontology,high,1,1,0.004761905,1,0,1,1,0,0,"['Superscript a, b, and c attached to coefficient values']",1,['Notation used in the table to mark statistical significance.'],['Significance notation helps interpret reported estimates and supports reuse of statistical findings.']
statistical_significance_levels,interpretive_note,high,1,1,0.004761905,1,0,1,1,0,0,"['a, b and c denote statistical significance at the 1, 5 and 10 percent level, respectively']",1,['Definitions of significance thresholds used in the table.'],['Explicit significance levels are essential for interpreting regression results accurately.']
statistical_significance_level,interpretive_note,high,1,1,0.004761905,1,0,1,1,0,0,['1 percent level'],1,['Threshold used to denote statistical significance in the table.'],['Significance levels are important for interpreting statistical results and comparing findings.']
statistical_significance_legend,interpretive_note,high,1,1,0.004761905,1,0,1,1,0,0,"['* p < 5%, ** p < 1%']",1,['Legend explaining statistical significance symbols used in the table.'],['Significance notation is important for interpreting coefficient estimates and filtering statistical tables.']
capital_city,geographic_entities,high,1,1,0.004761905,1,1,0,1,0,0,['Bujumbura'],1,['National capital identified in the map legend or labels.'],['The capital city is a reusable geographic access point for maps.']
summary_measure_labels,measure_type,medium,1,1,0.004761905,1,0,1,1,0,0,['Total; %'],1,['Labels for aggregate or derived measures included in the table.'],['Summary measure labels indicate that both counts and percentage shares are provided.']
substance_or_product,category_dimension,high,1,1,0.004761905,1,0,1,1,0,0,['Cocaine'],1,"['Drug, commodity, product, or substance to which the indicator applies.']",['Identifying the product enables subject-specific discovery across tables on production or trade.']
statistical_test_name,analysis_method,high,1,1,0.004761905,1,0,1,1,0,0,['Vuong test'],1,['Name of the statistical test or diagnostic reported in the table.'],['Identifying the statistical test enables retrieval of tables containing specific methods or diagnostics.']
source_language,language,high,1,1,0.004761905,1,0,1,1,0,0,['French'],1,['Language used in the table text.'],['Language metadata supports multilingual search and indexing of table content.']
source_document_type,not_in_ontology,high,1,1,0.004761905,1,0,1,0,1,0,['Policy Research Working Paper'],1,['Publication or document type of the source containing the table.'],['Document type supports catalog filtering but adds limited semantic detail about the table itself.']
clustering_level,analysis_method,medium,1,1,0.004761905,1,0,1,1,0,0,['Household level'],1,['The level at which standard errors or observations are clustered.'],['Clustering information is important for evaluating statistical inference across empirical tables.']
source_disclaimer,interpretive_note,high,1,1,0.004761905,1,1,0,1,0,0,"['The map was produced by the Map Design Unit of The World Bank; boundaries, colors, denominations, and other information do not imply judgment on legal status or endorsement of boundaries.']",1,['Disclaimer or note qualifying interpretation of map boundaries and designations.'],['Boundary disclaimers are important provenance and interpretation metadata for political maps.']
source_datasets,data_source,high,1,1,0.004761905,1,0,1,1,0,0,['World Economic Forum Global Competitiveness Report; COMTRADE; UNCTAD TRAINS; World Bank World Development Indicators'],1,['Named datasets or data systems underlying the table.'],['Dataset names are valuable facets for finding tables derived from specific data sources.']
project_component_names,project_component,high,1,1,0.004761905,1,0,1,0,0,1,"['Social and Economic Services & Infrastructure; Integrated Natural Resource Management; Economic Opportunity; Project Management, Accountability Systems and Coordination; Contingent Emergency Response Component']",1,['Names of project components represented as rows or categories.'],['Component names are important discovery facets for project appraisal and implementation tables.']
statistical_relationship_type,analysis_method,high,1,1,0.004761905,1,1,0,1,0,0,['Correlation analysis between informality measures and basic determinants'],1,['Type of statistical relationship reported in the figure.'],['This helps identify figures that present statistical associations rather than descriptive values only.']
statistical_reference,calculation_method,medium,1,1,0.004761905,1,1,0,1,0,0,['Mean; mean plus standard deviation; mean minus standard deviation'],1,['The statistical benchmark or reference values used to define plotted scenarios.'],['Statistical references enable discovery of figures comparing baseline and variation scenarios.']
subgroup_dimension,population_group,high,1,1,0.004761905,1,0,1,1,0,0,['Pooled; Boys; Girls'],1,['Population subgroups or stratification categories used to organize results.'],['Subgroup metadata supports filtering and comparison of results by demographic group.']
statistical_output_format,visualization_type,medium,1,1,0.004761905,1,0,1,1,0,0,['Estimated coefficients with p-values in parentheses and statistical significance stars'],1,['The type and structure of statistical results reported in the table cells.'],"['This field clarifies whether values represent coefficients, p-values, standard errors, or other statistical outputs.']"
statistical_model_types,analysis_method,high,1,1,0.004761905,1,0,1,1,0,0,['Mixed model; standard Poisson; standard negative binomial'],1,['Types of statistical models referenced or compared in the table.'],['Model types are useful for discovering methodological content across statistical tables.']
statistical_measures_reported,measure_type,high,1,1,0.004761905,1,0,1,1,0,0,['Regression coefficients; heteroskedasticity-robust t(z)-statistics; R-squared; Hansen J Statistic (P-value); number of observations'],1,['Types of statistical quantities reported in the table.'],['This field supports discovery of tables containing specific empirical diagnostics or measures.']
boundary_disclaimer,interpretive_note,high,1,1,0.004761905,1,1,0,1,0,0,"['The boundaries, colors, denominations, and any other information shown on this map do not imply judgment on legal status or endorsement or acceptance of such boundaries by the World Bank Group.']",1,"['Disclaimer concerning boundaries, territorial status, or cartographic representation.']",['Boundary disclaimers are important provenance and interpretation metadata for political maps.']
statistical_estimate_type,measure_type,high,1,1,0.004761905,1,0,1,1,0,0,['Regression-style coefficient estimates with standard errors in brackets'],1,['Type of statistical values reported in the body of the table.'],['Knowing the estimate type distinguishes model outputs from descriptive statistics.']
statistical_annotation_type,not_in_ontology,low,1,1,0.004761905,1,1,0,1,0,0,['Detected breaks and horizontal reference segments indicating inferred regimes or thresholds'],1,['Type of statistical annotations overlaid on the plotted data.'],['Annotation metadata helps users discover figures containing modeled events or structural features.']
boundary_features,location_type,medium,1,1,0.004761905,1,1,0,1,0,0,"[""Armistice demarcation lines, 1949; no-man's land areas, Armistice Demarcation Line, 1949; Jerusalem city limit, unilaterally expanded by Israel June 1967, then annexed July 30 1980; international boundaries""]",1,"['Political, administrative, or conflict-related boundary features shown in the map.']",['Boundary features provide critical geopolitical context for searching and interpreting maps of contested territories.']
standard_error_method,analysis_method,high,1,1,0.004761905,1,0,1,1,0,0,['Heteroskedastic- and cluster-robust standard errors'],1,['The method used for estimating or adjusting standard errors.'],['Standard-error methodology affects interpretation of statistical reliability.']
staffing_effort_by_role,category_dimension,medium,1,1,0.004761905,1,0,1,1,0,0,['Task Team Leader: 30; Education Specialist: 10; Education Economist/Data Specialist: 10; Operations Officer: 10; FM Specialist: 6; Procurement Specialist: 5; Social Development Specialist: 4; Environmental Specialist: 4 staff weeks per year'],1,['Mapping of staff roles or skills to estimated level of effort.'],['Role-level effort allocations enable comparison of staffing intensity across projects or functions.']
statistical_output_type,visualization_type,high,1,1,0.004761905,1,0,1,1,0,0,['Model estimation results with coefficients and standard errors'],1,['The type of statistical results reported in the table.'],['This distinguishes regression-style output from descriptive statistics or raw data tables.']
table_identifier,internal_identifier,high,1,1,0.004761905,1,0,1,1,0,0,['Table C'],1,['The table label or sequence identifier used within the source document.'],['The identifier helps distinguish this table from other tables in the same document.']
table_caption,title,high,1,1,0.004761905,1,0,1,1,0,0,['Tableau montrant le nombre total de violations des droits signalées par le monitoring de protection au Nord Kivu en septembre et octobre 2022.'],1,['Textual caption or title describing the table content.'],"['The caption concisely identifies the subject, geography, method, and time period of the table.']"
survey_question,not_in_ontology,high,1,1,0.004761905,1,0,1,1,0,0,['Which of the following is the fairest way to decide the charge for water?'],1,['Question or prompt that the tabulated responses answer.'],['The survey question provides essential context for interpreting the response categories and percentages.']
support_area,intervention_type,high,1,1,0.004761905,1,0,1,1,0,0,['Formal education; school rehabilitation; non-formal education; accelerated learning programs; support to informal settlements; computers; MEHE capacity building; skills policy; secondary education; emergency education and shelter; textbooks; ICT equipment; leadership SIP; RACE linked learning quality and achievement; systems quality; citizenship education; dropout prevention; EMIS'],1,"['Programmatic areas, interventions, or activities supported by the funding entries.']",['Support areas expose detailed intervention topics that may not be fully represented in document-level metadata.']
category_hierarchy,category_dimension,medium,1,1,0.004761905,1,1,0,1,0,0,"['Formelle includes Niveau primaire, Niveau secondaire, and Niveau universitaire; Informelle appears as a separate category']",1,['Hierarchical or grouped relationship among categories shown in the visualization.'],['The grouping distinguishes formal education sublevels from informal education and improves semantic interpretation.']
category_type,category_dimension,high,1,1,0.004761905,1,0,1,0,0,1,['Project component/activity area (inferred)'],1,['The semantic role of the category label within the table structure.'],"['Knowing whether a label is a component, activity, indicator, or other category improves analytical reuse and comparison across tables.']"
assessment_topic,subject_summary,high,1,1,0.004761905,1,1,0,1,0,0,['IHR Core Capacity with respect to level of transmission'],1,['The main analytical topic or assessment concept represented in the figure.'],['This captures the substantive meaning of the figure beyond the broader document title.']
summary_metrics,measure_type,high,1,1,0.004761905,1,0,1,1,0,0,['Total; %'],1,['Aggregate or summary measures included in the table.'],['Summary metrics help identify tables that include totals and proportional distributions.']
subrow_dimension,row_dimension,high,1,1,0.004761905,1,0,1,1,0,0,['Location name'],1,['The nested row-level location dimension within each country of asylum.'],['Location-level granularity is important for finding data below the country level.']
temporal_category_labels,category_labels,medium,1,1,0.004761905,1,0,1,1,0,0,['2017; 2018; 2019; 2020; 2021; 2022; 2023'],1,['Time-based category labels used as table columns or rows.'],['Temporal labels expose the specific years represented in the table.']
temporal_aggregation,time_period,medium,1,1,0.004761905,1,0,1,1,0,0,['Mean values for the period between 1998-2002 except specified variables reported for the year 2000'],1,['How values are aggregated or summarized over time.'],['Temporal aggregation explains how the reported statistics relate to the underlying time span.']
tariff_type,category_dimension,medium,1,1,0.004761905,1,0,1,1,0,0,['Benchmark tariff'],1,['The type or category of tariff used in the analysis.'],['Tariff type supports discovery of tables comparing or modeling different pricing regimes.']
target_values,not_in_ontology,high,1,1,0.004761905,1,0,1,1,0,0,"['Examples include 0.00, 2.00, 4.00, 6.00, 10.00, 12.00; 10.00, 20.00, 30.00, 40.00, 60.00; campaign reaching at least 75% of target audience; 75 percent of students benefit from secure Wifi connection in school']",1,['Planned numeric or textual target values associated with indicators and milestone dates.'],['Target values are the core analytical data contained in the table.']
target_value_type,not_in_ontology,low,1,1,0.004761905,1,0,1,1,0,0,['Cumulative target values'],1,['The type of target values reported in the table.'],['Distinguishing cumulative targets from annual or point-in-time targets is important for correct interpretation.']
access_point,location_type,high,1,1,0.004761905,1,0,1,1,0,0,['DP'],1,['The location or facility type involved in accessing the service or resource.'],['Access-point metadata helps identify where beneficiary journeys or service interactions occur.']
target_stage,category_labels,high,1,1,0.004761905,1,0,1,1,0,0,['Baseline; Intermediate Targets; End Target'],1,['The measurement stages or target points used to track indicator progress.'],['Target stages enable comparison of baseline and planned performance values across indicators.']
target_period,reference_date,medium,1,1,0.004761905,1,0,1,1,0,0,['Jun/2029; May/2029'],1,['Date or period associated with target or endline indicator values.'],['Target periods allow users to identify planned achievement dates for indicators.']
target_milestone_label,category_labels,medium,1,1,0.004761905,1,0,1,1,0,0,['1'],1,['The label or sequence number for an intermediate target milestone.'],['Milestone labels help interpret intermediate target columns in results framework tables.']
abbreviations,category_labels,high,1,1,0.004761905,1,0,1,1,0,0,['VBG; MRM'],1,['Acronyms or abbreviated category labels appearing in the table.'],['Capturing abbreviations can improve search when users query using short forms found in the table.']
cartographic_producer,source_organization,high,1,1,0.004761905,1,1,0,0,0,1,['Map Design Unit of The World Bank; World Bank'],1,['Organization or unit responsible for producing the map.'],['Producer information supports provenance tracking and filtering by source organization.']
cartographic_source,source_organization,high,1,1,0.004761905,1,1,0,1,0,0,['Map Design Unit of the World Bank'],1,['The organization or unit responsible for producing the map.'],['Cartographic source supports provenance tracking and assessment of authority.']
subject_sector,subject_domain,high,1,1,0.004761905,1,1,0,0,0,1,['Agriculture; economy-wide GDP'],1,"[""The economic sector or domain represented by the figure's indicators.""]",['Sectoral context improves retrieval for users looking for agriculture and macroeconomic growth evidence.']
subject_sections,subject_domain,medium,1,1,0.004761905,1,1,0,1,0,0,['Poverty and Social; Key Economic Ratios and Long-Term Trends; Structure of the Economy'],1,['Major topical sections or panels represented in the snapshot.'],['Section labels summarize the thematic coverage of the tables and charts.']
subject_population,population_group,high,1,1,0.004761905,1,1,0,1,0,0,['Refugees and asylum-seekers'],1,['The population group described by the data in the snapshot.'],['Population group is central to discovering figures about specific affected groups.']
subject_matter,subject_domain,high,1,1,0.004761905,1,1,0,1,0,0,"['civil registration including birth registration, marriage']",1,"['The specific issue, topic, or domain addressed by the reported service or indicator.']",['This enables discovery of snapshots about specific protection and legal documentation topics.']
subject_keywords,subject_domain,medium,1,1,0.004761905,1,1,0,0,0,1,['inflation; CPI; consumer price index; macroeconomic stabilization'],1,"[""Topical keywords describing the figure's substantive content.""]",['Subject terms improve thematic search beyond the exact title text.']
subject_indicator,indicator_name,high,1,1,0.004761905,1,0,1,1,0,0,['Contemporaneous levels of short-term debt'],1,['Main indicator or construct analyzed in the table or panel.'],['The subject indicator helps users find tables about specific financial measures.']
category_definitions,indicator_definition,high,1,1,0.004761905,1,1,0,1,0,0,"['Mode 1 includes financial, air passenger, maritime shipping and professional; mode 3 includes financial, telecommunications, retailing, air passenger and maritime shipping, maritime auxiliary, and professional; mode 4 includes accounting, auditing, and legal services']",1,['Definitions or explanatory notes describing category scope in the figure.'],['Category definitions are critical for correctly interpreting and reusing the figure’s comparisons.']
subject_domains,subject_domain,high,1,1,0.004761905,1,1,0,1,0,0,['Poverty and social; Key economic ratios and long-term trends; Structure of the economy; Growth rates of output and investment; Growth rates of exports and imports'],1,['Topical sections or domains represented by the data.'],['Subject domains support thematic discovery of multi-topic country profile data.']
casualty_information,indicator_name,medium,1,1,0.004761905,1,0,1,1,0,0,['43 morts; 7 blessés grave; 1 personne tuée; 5 militaires morts; 7 personnes tuées; 2 personnes tuées'],1,"['Reported deaths, injuries, or other casualty-related consequences.']",['Casualty information is highly valuable for searching and analyzing severity of incidents.']
table_sequence_number,internal_identifier,high,1,1,0.004761905,1,0,1,1,0,0,['Table 5'],1,['Number or label assigned to the table within the source document.'],['The table number supports citation and disambiguation among multiple tables in the same document.']
table_sections,category_labels,medium,1,1,0.004761905,1,0,1,1,0,0,"['SUMMARY; DETAILS; World Bank Group Financing; IDA Resources (in US$, Millions); Expected Disbursements (in US$, Millions)']",1,['Named sections or subsections within the table.'],['Section labels reveal the internal organization and analytical scope of a complex table.']
table_section_identifier,internal_identifier,medium,1,1,0.004761905,1,0,1,1,0,0,['Annex 4'],1,"['Named document section, annex, appendix, or chapter in which the table appears.']",['Section identifiers provide useful intellectual context for locating related analytical material within documents.']
table_section,not_in_ontology,high,1,1,0.004761905,1,0,1,1,0,0,['SUMMARY'],1,['Named subsection or panel within a table.'],['The section label clarifies that the visible rows summarize the financing information.']
table_purpose,subject_summary,high,1,1,0.004761905,1,0,1,1,0,0,"['Summary list of dependent, independent, and instrumental variables with descriptive statistics']",1,['The analytical function or purpose of the table.'],['Identifying the table as a variable summary helps distinguish it from regression results or raw data tables.']
table_panel_title,title,high,1,1,0.004761905,1,0,1,1,0,0,['Panel A: Contemporaneous levels of short-term debt.'],1,['Title or heading identifying the specific panel within a table.'],['Panel titles are central for discovering the specific subject of multi-panel statistical tables.']
categorical_dimension,category_dimension,high,1,1,0.004761905,1,1,0,1,0,0,['Country of previous residence'],1,['The categorical variable used to group the displayed values.'],['Captures the main grouping dimension needed to understand and compare the data.']
subject_entity,subject_domain,medium,1,1,0.004761905,1,1,0,1,0,0,['Commodities'],1,['Entity or population to which the indicator applies.'],['Identifying the subject entity enables discovery of figures about commodity-level analysis.']
data_source_or_responsible_unit,source_organization,high,1,1,0.004761905,1,1,0,1,0,0,['Development Economics'],1,"['Source organization, department, or responsible unit named on the snapshot.']",['Provenance information helps assess source authority and trace data origins.']
data_source_type,data_source,high,1,1,0.004761905,1,0,1,0,0,1,"['Household survey data, inferred from document abstract and opinion-response format']",1,['Type of source data underlying the table.'],['Source-data type is useful for evaluating evidence quality and analytical reuse.']
data_source_year,time_period,medium,1,1,0.004761905,1,0,1,1,0,0,['2015; 2018; 2019; 2020'],1,['Years associated with the cited data sources or survey rounds.'],['Source years help users evaluate temporal relevance and compare datasets.']
data_sources,data_source,high,1,1,0.004761905,1,0,1,1,0,0,['VHLSS 2006; ARFC 2006'],1,['Datasets or data collections used to generate the table results.'],['Dataset names are critical provenance metadata for finding and reusing empirical estimates.']
gender_disaggregation,population_group,high,1,1,0.004761905,1,0,1,1,0,0,['Female beneficiaries'],1,['Whether the table includes a gender-specific disaggregation of an indicator or beneficiary group.'],['Gender disaggregation is important for equity-focused discovery and analysis.']
implementing_institution,not_in_ontology,medium,1,1,0.004761905,1,0,1,0,0,1,['MEP'],1,"['Institution or agency referenced as responsible for, or associated with, the reported activities.']",['Institutional references support discovery of tables related to specific implementing agencies.']
impact_description,not_in_ontology,high,1,1,0.004761905,1,0,1,1,0,0,"['43 morts, 7 blessés grave et 6.000 PDIs; 355 PDI avec des besoins en abri; 10 greniers incendiés; restriction de mouvement; 1 école fermée, 244 élèves n’ayant pas accès à l’école']",1,['Narrative consequences or impacts associated with incidents.'],['Impact descriptions capture key humanitarian outcomes that may not appear in document-level metadata.']
hypothesis_test,analysis_method,high,1,1,0.004761905,1,0,1,1,0,0,"['β + δ; Wald Test of Exogeneity, χ²(2)']",1,['Additional statistical tests or derived parameter tests reported in the table.'],['Hypothesis tests provide searchable evidence about model diagnostics and combined effects.']
policy_or_intervention,intervention_type,high,1,1,0.004761905,1,0,1,1,0,0,['Reform dummy'],1,"['The policy, reform, treatment, or intervention variable evaluated in the table.']",['Identifying the policy variable helps users find evidence on reform impacts.']
highlighted_marker_meaning,interpretive_note,medium,1,1,0.004761905,1,1,0,1,0,0,['Black squares indicate products exported with comparative advantage'],1,"['Semantic meaning of highlighted symbols, colors, or markers in the figure.']",['This field captures key information conveyed through visual encoding rather than surrounding text.']
highest_value_category,not_in_ontology,high,1,1,0.004761905,1,0,1,1,0,0,['Masisi has the highest territorial total: 789 violations and 42%'],1,['Category with the largest reported value in the table.'],"['Capturing the leading category can improve ranking, summarization, and targeted discovery.']"
health_topic,subject_domain,high,1,1,0.004761905,1,1,0,0,1,0,['HIV/AIDS; HIV vaccine'],1,"['Health condition, disease area, or intervention topic associated with the figure.']",['The snapshot mentions vaccinations but the document metadata clarifies that the vaccination context is HIV/AIDS.']
health_condition,subject_domain,high,1,1,0.004761905,1,1,0,1,0,0,['Severe burns'],1,"['Health condition, disease area, or treatment focus referenced in the snapshot.']",['Condition-specific metadata improves discovery of health service and treatment-related evidence.']
grouping_variable,series_dimension,high,1,1,0.004761905,1,1,0,1,0,0,['Income group'],1,['Variable by which countries or observations are grouped in the legend.'],['The grouping variable enables discovery of figures comparing income-level country groups.']
group_dimension,category_dimension,high,1,1,0.004761905,1,1,0,1,0,0,['Formelle; Informelle'],1,['Higher-level grouping or classification applied to the displayed categories.'],['Group labels provide additional structure for interpreting the education categories.']
grand_total_value,not_in_ontology,high,1,1,0.004761905,1,0,1,1,0,0,['1323'],1,['Overall total value reported in the table.'],['A grand total can support quick discovery and comparison of table scale without reading all cells.']
geospatial_feature_type,location_type,high,1,1,0.004761905,1,1,0,1,0,0,['Refugee settlement or location markers with national and provincial boundaries'],1,['The type of geographic features represented in the figure.'],['Feature type helps distinguish settlement-level location data from broader administrative maps.']
hydrographic_features,geographic_entities,high,1,1,0.004761905,1,1,0,1,0,0,['Lake Tanganyika; Lake Kivu; Lake Rweru; Ruvubu; Ruvyironza; Rumpungwe; Malagarasi; Ruvuvu; Ruwiti'],1,"['Rivers, lakes, or other water bodies labeled in the snapshot.']",['Hydrographic feature names enable discovery of maps containing water resources or named water bodies.']
funding_amount,financial_metric,high,1,1,0.004761905,1,0,1,1,0,0,['US$20m; US$40m; US$25m; US$10m; ECU 25 million; US$27m over four years; US $48 million; US $7 million'],1,['Monetary amounts associated with projects or programs in the table.'],['Funding amounts support analytical reuse and discovery of financing information.']
funding_agency,financing_source,high,1,1,0.004761905,1,0,1,1,0,0,['UNICEF; UNHCR; UNESCO; UNRWA; EU; DfID; USAID; WB EDP2; European Union'],1,['Organizations or programs listed as providing or associated with funding.'],"['Funding agencies are key entities for provenance, donor tracking, and faceted search.']"
fuel_type,category_dimension,high,1,1,0.004761905,1,0,1,1,0,0,['Diesel; Gasoline; LPG; Kerosene; Jet Fuel'],1,['Fuel or energy product categories used to organize the table.'],['Fuel categories are central to filtering and comparing subsidy data across energy-sector tables.']
footnote_reference,not_in_ontology,high,1,1,0.004761905,1,0,1,1,0,0,['Asterisk attached to “DRC Refugee Response Plan*”'],1,['Marker linking a table entry to an explanatory footnote.'],['Footnote references preserve provenance of qualifications affecting specific rows.']
footnote_marker,not_in_ontology,high,1,1,0.004761905,1,0,1,1,0,0,['Sudan⁴'],1,['A marker indicating that a table entry is associated with a footnote or explanatory note.'],['Footnote markers are important provenance and interpretation cues even when the footnote text is not visible.']
footnote,interpretive_note,high,1,1,0.004761905,1,0,1,1,0,0,"[""Notes: *'Other' in the location refers to any known location other than camp or settlement sites, covering both urban and rural areas; **Self-settled refers to the individuals without available information such as their names and locations, and their locations are categorised to be 'unknown'; those by location in Congo, Democratic Republic of the Congo and Zimbabwe could be different from the numbers operation report due to inconsistency in proGres v4.""]",1,['Explanatory notes or caveats needed to interpret the table.'],['Footnotes provide definitions and data-quality caveats that affect analytical reuse.']
focal_subpopulation,population_group,high,1,1,0.004761905,1,1,0,1,0,0,['Refugees with disabilities'],1,['Specific subgroup highlighted or analyzed within the broader population.'],['Identifying the focal subgroup improves discovery of disability-related refugee statistics.']
fiscal_year_range,time_period,high,1,1,0.004761905,1,0,1,1,0,0,['1978–1997'],1,['The range of fiscal years represented by the listed operations.'],['Fiscal year coverage supports temporal filtering and portfolio analysis.']
geographic_entity_type,geographic_granularity,medium,1,1,0.004761905,1,1,0,1,0,0,['Economies/countries'],1,['The type of geographic entities used as comparison units.'],"['Identifying the entity type enables faceted browsing across country, regional, or subnational comparisons.']"
financing_type,financing_instrument,high,1,1,0.004761905,1,0,1,1,0,0,['IDA Credit; IDA Grant; Guarantee Amount'],1,['Type or modality of financing represented in the table.'],"['Financing type enables comparison of credits, grants, guarantees, and other modalities across tables.']"
data_source_abbreviation,data_source,high,1,1,0.004761905,1,1,0,1,0,0,['IFS; AXCO'],1,['Abbreviated data sources or databases cited in indicator labels.'],['Source abbreviations support provenance tracking and retrieval by dataset origin.']
geographic_subgroups,category_labels,medium,1,1,0.004761905,1,1,0,1,0,0,['Rural; Urban'],1,['Subnational or settlement-type groups used to compare values within the geographic scope.'],['Geographic subgroup labels support discovery of rural-urban comparisons.']
geographic_role_dimensions,geographic_role,high,1,1,0.004761905,1,1,0,1,0,0,['Country of origin; 1st country of asylum; 2nd country of asylum; secondary destination; nationality'],1,['Geographic roles used to structure movement or displacement data.'],['Geographic role dimensions reveal how countries are used analytically within the movement data.']
data_source_coverage,time_period,medium,1,1,0.004761905,1,0,1,1,0,0,['UNMAS data through July 2023; INSO data since July'],1,['Temporal coverage associated with cited data sources.'],['Source coverage clarifies how different data providers contribute to the reported values.']
geographic_reference,geographic_entities,high,1,1,0.004761905,1,1,0,1,0,0,['DRC'],1,['Geographic entity explicitly referenced by the snapshot.'],['Geographic references improve discovery even when the main country or location is not otherwise available.']
geographic_location,geographic_entities,high,1,1,0.004761905,1,1,0,1,0,0,['Tripoli'],1,['Geographic place explicitly associated with the reported finding or institution.'],['Location metadata enables geographic filtering and discovery of place-specific findings.']
geographic_hierarchy,geographic_granularity,medium,1,1,0.004761905,1,0,1,1,0,0,['Slash-delimited locality hierarchy such as Nord/Loroum/Banh/Dagomba and BMH/Kossi/Bouni'],1,['Hierarchical geographic structure used to identify locations in the table.'],['Capturing the hierarchy supports aggregation and filtering by different administrative levels.']
data_source_methodology,data_source,medium,1,1,0.004761905,1,0,1,1,0,0,['Announcement by Civic Engagement Service Provider'],1,"['Source, instrument, or method used to generate or verify the indicator data.']",['Data source and methodology fields support provenance tracking and evaluation of indicator reliability.']
fiscal_period_end,reference_date,medium,1,1,0.004761905,1,0,1,1,0,0,['December'],1,['The month or period end used for annual reporting values.'],['Fiscal period information clarifies the reporting basis for year-specific financial values.']
inset_map_scope,geographic_scope,medium,1,1,0.004761905,1,1,0,1,0,0,['Locator inset showing Burundi within Africa'],1,['Geographic scope and purpose of any inset map included in the snapshot.'],['Inset maps provide additional spatial context that may not appear in document metadata.']
inset_map_coverage,geographic_entities,high,1,1,0.004761905,1,1,0,1,0,0,['Overview inset of West Bank and Gaza region; detailed inset of Gaza Strip'],1,['Geographic areas covered by inset maps included within the snapshot.'],['Inset map coverage improves discovery of secondary mapped areas that may otherwise be overlooked.']
infrastructure_or_service_type,category_dimension,medium,1,1,0.004761905,1,0,1,1,0,0,['Primary roads; secondary roads; solid and liquid waste; local development fund; intergovernmental fiscal transfer system; technical assistance units'],1,"['Types of infrastructure, public services, or institutional systems referenced in the table.']",['This field captures substantive categories that users may search for across project tables.']
infrastructure_feature_types,location_type,high,1,1,0.004761905,1,1,0,1,0,0,['Main drainage canals; secondary drainage canals; drainage pump stations; wastewater treatment plant (proposed); wastewater collection system (proposed); catchment area to be drained; rivers'],1,['Types of physical or planned infrastructure features shown in the snapshot.'],['Feature types are central to discovering maps by infrastructure content.']
data_release_date,reference_date,high,1,1,0.004761905,1,1,0,1,0,0,['10/1/98'],1,['Date printed on or associated with the data snapshot.'],['A snapshot-specific date helps distinguish the data vintage from the document publication date.']
indicator_units,unit_of_measure,high,1,1,0.004761905,1,0,1,1,0,0,"['Initial GDP per capita: 2000 US$, 1985, in logs; Schneider Shadow Economy: % of GDP; Heritage Foundation Informal Market: ranging 1-5, higher means more informality; Self Employment: % of total employment; Non-contributor to Pension Scheme: % of labor force']",1,"['Units, scales, or transformations associated with variables or indicators in the table.']",['Units and scales are necessary for interpreting and comparing reported estimates.']
indicator_type,category_dimension,medium,1,1,0.004761905,1,0,1,1,0,0,"['Intermediate Results Indicator, inferred from the repeated prefix “IRI”']",1,['Classification of the indicators according to the results framework or monitoring structure.'],"['Indicator type helps users distinguish intermediate results from outcome, output, or other monitoring indicators.']"
indicator_topic,subject_domain,high,1,1,0.004761905,1,1,0,1,0,0,['Refugee registration; biometric registration; baseline population; durable solutions intentions; country of birth; school attendance; recent displacement'],1,['Thematic topics represented by the indicators in the snapshot.'],['Topic-level metadata supports faceted browsing across multi-indicator humanitarian statistics.']
data_status_note,interpretive_note,high,1,1,0.004761905,1,1,0,1,0,0,['1998 data are preliminary estimates.'],1,"['Note describing limitations, status, or qualification of the reported data.']",['Data status notes are important for assessing reliability and appropriate reuse.']
indicator_or_variable_names,indicator_name,high,1,1,0.004761905,1,0,1,1,0,0,['Household financial situation perceived as bad; receipt of public transfers; proportion of children per working age adult—district; proportion of elderly per working age adult—district; regional consumer price index; average monthly wage rate; roads; altitude; rainfall deviations; flooding; mountainous topography'],1,"['Named indicators, variables, or covariates reported in the table.']",['Capturing variable names greatly improves discovery of specific empirical relationships within tables.']
indicator_level,category_dimension,high,1,1,0.004761905,1,0,1,1,0,0,['Intermediate Indicators'],1,['The results-framework level or type of indicators shown in the table.'],"['Indicator level supports filtering results-framework tables by outputs, outcomes, or intermediate indicators.']"
leading_category,not_in_ontology,high,1,1,0.004761905,1,1,0,1,0,0,"[""Couldn't afford fees (61.4)""]",1,['The category with the highest displayed value in the figure.'],['The leading category provides a concise summary of the dominant finding for discovery.']
labeled_place_names,geographic_entities,high,1,1,0.004761905,1,1,0,1,0,0,"['Examples include Pretoria, Kinshasa, Goma, Lusaka, Lilongwe, Harare, Maputo, Windhoek, Cape Town, Luanda, Brazzaville, Nampula, Tongogara, Dzaleka, Dukwi, Osire, Meheba, Mantapala, and Mayukwayukwa']",1,['Named locations labeled within the map body.'],['Place names enable fine-grained geographic search for locations represented in the snapshot.']
label_completeness,not_in_ontology,high,1,1,0.004761905,1,1,0,1,0,0,"['One category label is visibly truncated: Long wait, rude staff and...']",1,['Whether any displayed labels appear incomplete or truncated in the snapshot.'],['Label completeness helps users assess whether the snapshot contains fully recoverable category information.']
key_question,subject_summary,high,1,1,0.004761905,1,0,1,1,0,0,['Has the cash assistance helped put persons of concern on the pathway to sustainable solutions?'],1,['The evaluation or analytical question that the table is designed to answer.'],['This captures the main semantic purpose of the table and supports retrieval by evaluation question.']
key_explanatory_variables,indicator_name,medium,1,1,0.004761905,1,0,1,1,0,0,['Political affiliation; Affiliation * Seats; (1- Affiliation) * Seats'],1,['The main explanatory variables or predictors emphasized in the table.'],"['These variables support discovery of tables about political affiliation, legislative seats, and fiscal financing effects.']"
covariate_names,indicator_name,high,1,1,0.004761905,1,0,1,1,0,0,['Equity in % of total assets; Non earning assets in % of total assets; Customer and ST funds in % of total assets; Tax in % of pre-tax profit; Cost in % of total assets; Growth rate of GDP per capita; Inflation rate; Real interest rate; Domestic credit by banking sector in % of GDP; Initial GDP per capita'],1,['Names of control or explanatory variables included in the reported model specifications.'],['Covariate names enable detailed discovery of empirical tables by included measures and controls.']
indicator_subtype,category_dimension,medium,1,1,0.004761905,1,0,1,1,0,0,['Supplemental'],1,['Subtype or secondary classification associated with an indicator.'],['Subtypes add specificity for distinguishing related indicators within results tables.']
data_time_period,time_period,high,1,1,0.004761905,1,0,1,1,0,0,['2004'],1,['Year or period covered by the underlying data.'],['The data year supports temporal filtering and distinguishes the table from the document publication date.']
data_collection_responsibility,source_organization,high,1,1,0.004761905,1,0,1,1,0,0,['Civic Engagement Service Provider'],1,['Organization or party responsible for collecting or reporting indicator data.'],['Responsibility information helps identify implementation and monitoring actors associated with the data.']
data_derivation_method,calculation_method,high,1,1,0.004761905,1,0,1,1,0,0,"[""Authors' calculations using data from BANKSCOPE""]",1,['How the reported values were produced or derived.'],['Derivation method helps distinguish directly sourced data from calculated estimates.']
indicator_hierarchy,category_dimension,medium,1,1,0.004761905,1,0,1,1,0,0,"[""Indented 'Of which' and arrow-marked rows indicate sub-indicators under broader beneficiary indicators""]",1,['Hierarchical relationship among parent indicators and disaggregated sub-indicators.'],['Capturing hierarchy preserves how disaggregated measures relate to parent indicators.']
data_encoding,interpretive_note,medium,1,1,0.004761905,1,1,0,1,0,0,"['Red proportional circles encode the number of internally displaced persons; blue shading identifies the territories of Beni, Lubero, Irumu and Mambasa']",1,['How visual symbols or colors correspond to data concepts in the snapshot.'],['Encoding metadata supports interpretation of the map without relying on visual inspection alone.']
data_exclusion_note,interpretive_note,high,1,1,0.004761905,1,0,1,1,0,0,['IDPs by disaster are not included'],1,['Explicit exclusions or limitations affecting what the table data represent.'],['Exclusion notes are important for correctly interpreting and comparing displacement figures.']
indicator_disaggregation,category_labels,medium,1,1,0.004761905,1,0,1,1,0,0,['Of which female; of which refugees; Of which climate-resilient infrastructure sub-projects; Operated by all-female GEAs'],1,['Subcategories or breakdowns attached to parent indicators.'],['Disaggregations reveal population and thematic breakdowns that are often not captured in document-level metadata.']
indicator_description,indicator_definition,high,1,1,0.004761905,1,0,1,1,0,0,['Launch of a digital platform for project beneficiaries and other IDPs in target areas to provide share views on the project and related livelihood issues; Total number of businesses established or jobs obtained by project participants which are still active after three months'],1,['Narrative explanation of what an indicator measures or represents.'],['Indicator descriptions provide semantic detail needed to understand and reuse monitoring indicators.']
institution_type,location_type,high,1,1,0.004761905,1,1,0,1,0,0,['Public schools'],1,['The type of institution or service setting covered by the data.'],['Institution type distinguishes public-school data from other education settings for targeted retrieval.']
data_labels_present,not_in_ontology,high,1,1,0.004761905,1,1,0,1,0,0,"['Yes; numeric labels are shown for plotted points, including values such as 9,450, 7,791, 6,905, 939, 781, and 121 at T3']",1,['Indicates whether individual data values are explicitly labeled in the figure.'],['Presence of labels signals that exact values may be recoverable for analytical reuse.']
indicator_classification,category_dimension,medium,1,1,0.004761905,1,0,1,1,0,0,['Core'],1,"['Classification or status assigned to an indicator, such as core, supplemental, or custom.']",['Indicator classification supports filtering and comparison across project results frameworks.']
indicator_categories,category_labels,high,1,1,0.004761905,1,0,1,1,0,0,['Droit à la liberté; Droit à la propriété; Droit à l’intégrité physique; VBG; 1612; Droits fonciers'],1,['Named categories or subindicators measured across the table.'],['These categories are central to discovering the specific types of rights violations covered.']
data_note,interpretive_note,high,1,1,0.004761905,1,1,0,1,0,0,"['1997 data are preliminary estimates; diamonds show four key indicators in the country compared with its income-group average, and if data are missing, the diamond will be incomplete.']",1,"['Notes qualifying interpretation, completeness, or status of the data.']",['Data notes provide provenance and interpretation context for users reusing the values.']
income_group,comparison_group,high,1,1,0.004761905,1,1,0,1,0,0,['Upper-middle-income'],1,['Income classification used as a benchmark or grouping variable.'],['Income group supports retrieval of snapshots comparing countries against economic peer groups.']
incident_type,category_dimension,high,1,1,0.004761905,1,0,1,1,0,0,['Atteinte à la vie et à la propriété; Déplacement forcé de population; Intimidations; Enlèvement suivi d’assassinat; Sabotage de bien public; Explosion sur des mines/Engin Explosif Improvisés; Attaque de village; Affrontement inter communautaire; Incendie d’école'],1,['Categorical classification of the protection incident described in each row.'],['Incident type is central to thematic discovery and comparison across protection incidents.']
incident_count,indicator_name,high,1,1,0.004761905,1,0,1,1,0,0,['1; 2'],1,['Number of incidents reported for each row or location.'],['Incident counts are a core quantitative value for analysis and filtering.']
implementing_organizations,source_organization,medium,1,1,0.004761905,1,0,1,1,0,0,['UNHCR/CUAMM'],1,['Organizations or agencies that conducted or produced the activity summarized in the snapshot.'],['Organization metadata supports provenance tracking and discovery by responsible agency.']
data_qualifier,interpretive_note,high,1,1,0.004761905,1,0,1,1,0,0,['170** is qualified by a footnote; 148 is specified as à juillet 2023'],1,['Markers or notes that qualify specific values in the table.'],['Value-level qualifiers prevent misinterpretation of figures with caveats or partial coverage.']
data_frequency,temporal_granularity,high,1,1,0.004761905,1,1,0,1,0,0,"['Annual, inferred from year labels']",1,['Temporal frequency of the observations shown in the snapshot.'],"['Frequency helps users interpret whether the data are annual, quarterly, or otherwise periodic.']"
document_work_type,not_in_ontology,high,1,1,0.004761905,1,0,1,0,1,0,['Policy Research Working Paper'],1,['The publication or document type from which the table was extracted.'],['Document work type can help users filter analytical tables from research papers versus other publication types.']
economic_sector_category,category_dimension,high,1,1,0.004761905,1,1,0,1,0,0,['Agriculture; Industry; Manufacturing; Services; Private consumption; General government consumption; Gross domestic investment; Imports of goods and services'],1,['Economic sectors or expenditure categories used to structure economic indicators.'],['Sector and expenditure categories support retrieval of economy-structure data.']
economic_sector,subject_domain,high,1,1,0.004761905,1,1,0,0,1,0,['Manufacturing sector'],1,['Economic sector or industry context represented by the figure.'],['Sector context is central to discovering figures about manufacturing-sector factor adjustment.']
economic_domain,subject_domain,high,1,1,0.004761905,1,1,0,0,0,1,['Trade and growth; production; demand and supply; imports and exports'],1,['The economic subject area or analytical domain represented by the table.'],"['Economic domain helps users retrieve tables relevant to trade elasticities, production, and supply-demand analysis.']"
economic_classification,comparison_group,medium,1,1,0.004761905,1,1,0,1,0,0,['Low-income'],1,['Income or economic classification used to contextualize the country data.'],['Income classification supports filtering and comparison across country profile snapshots.']
explanatory_variable_groups,category_dimension,medium,1,1,0.004761905,1,0,1,1,0,0,['Household variables; Commune variables'],1,['Higher-level groupings of explanatory variables used in the model.'],['Variable groupings help users discover whether models include household-level or community-level predictors.']
dominant_category,category_labels,medium,1,1,0.004761905,1,1,0,1,0,0,"['Chemical Products, Rubber & Plastic Products at 21.7% (inferred as the largest category shown)']",1,['Largest category or segment represented in a categorical distribution.'],['The dominant category provides a quick summary useful for ranking and comparative discovery.']
explanatory_factors,category_labels,medium,1,1,0.004761905,1,0,1,1,0,0,['Residual; Personal Attributes; Gender; Experience; Highest Degree Completed; Sector; Occupation; Year'],1,['Variables or factor categories used to explain variation in the outcome measure.'],['These labels reveal the substantive drivers analyzed in the table beyond the document-level title.']
funding_amounts,financial_metric,high,1,1,0.004761905,1,0,1,1,0,0,['24.20; 95.80; total 120.00'],1,['Reported financing amounts associated with funding sources or totals.'],['Capturing the presence of source-level amounts improves analytical reuse of financing tables.']
exclusion_note,interpretive_note,high,1,1,0.004761905,1,0,1,1,0,0,['not including in-kind'],1,['Explicit exclusions or qualifications affecting the scope of the reported data.'],['Exclusion notes materially affect reuse and interpretation of financial data.']
event_type,indicator_name,high,1,1,0.004761905,1,1,0,1,0,0,['Eviction from IDP sites'],1,"['The event, condition, or phenomenon being measured.']",['Event type supports thematic search for displacement-related incidents such as evictions.']
event_period,time_period,medium,1,1,0.004761905,1,0,1,1,0,0,['Crisis; Post12; Post3'],1,['Event-relative periods or time indicators represented in the analysis.'],['Event-period metadata helps users find results tied to crisis timing or post-event windows.']
event_or_context,subject_summary,medium,1,1,0.004761905,1,1,0,0,0,1,['SARS affected economies'],1,"['The event, shock, outbreak, policy context, or thematic circumstance framing the data.']",['Capturing the SARS context links the figure to infectious disease outbreak effects beyond the generic GDP indicator.']
event_context,not_in_ontology,high,1,1,0.004761905,1,1,0,1,0,0,['Ceasefire'],1,['Event or contextual milestone used to frame the comparison.'],['The ceasefire context is central to interpreting the before-and-after comparison.']
demographic_disaggregation,population_group,high,1,1,0.004761905,1,0,1,1,0,0,['Adults/Children and Men/Women/Boys/Girls'],1,['Population characteristics by which the indicator values are disaggregated.'],['Demographic disaggregation is critical for discovering data by population subgroup.']
estimation_adjustments,analysis_method,high,1,1,0.004761905,1,0,1,1,0,0,['Robust standard errors clustered by lending centers; fixed effects for lending centers and time'],1,"['Model adjustments, clustering, controls, or fixed effects used in estimation.']",['Estimation details are critical for interpreting the credibility and comparability of results.']
estimated_parameter,indicator_name,medium,1,1,0.004761905,1,0,1,1,0,0,['Education coefficient'],1,['The main estimated coefficient or parameter reported in the table.'],['This captures the core analytical quantity being compared across columns and specifications.']
demographic_dimensions,population_group,high,1,1,0.004761905,1,1,0,1,0,0,['Age; gender; legal status'],1,['Demographic or classification dimensions used to disaggregate the population.'],['Disaggregation dimensions improve discovery of figures containing demographic breakdowns.']
document_project_id,project_identifier,high,1,1,0.004761905,1,1,0,0,1,0,['P172812'],1,['The project identifier associated with the source document containing the figure.'],['Project identifiers allow snapshot-level evidence to be linked back to a specific development project.']
document_language,language,high,1,1,0.004761905,1,1,0,0,0,1,['Arabic'],1,['The language in which the figure and source document are presented.'],['Language metadata supports multilingual discovery and processing of figure text.']
document_country,geographic_scope,high,1,1,0.004761905,1,1,0,0,1,0,['Burundi; code BI'],1,['Country metadata assigned at the document level.'],['Document-level country metadata corroborates the snapshot’s country scope for retrieval.']
document_publication_date,reference_date,medium,1,1,0.004761905,1,1,0,0,1,0,['2010-07-01'],1,['Publication date of the source document containing the figure.'],['Publication date helps distinguish the document context from the historical data year shown in the figure.']
document_topic_context,subject_domain,high,1,1,0.004761905,1,0,1,0,0,1,['Illicit drug production and trafficking; drug production; illicit drug trade'],1,['Broader topical context from the source document relevant to the snapshot.'],['Combining the table topic with document keywords improves retrieval for illicit drug policy and production research.']
displacement_information,not_in_ontology,medium,1,1,0.004761905,1,0,1,1,0,0,['6.000 PDIs; 355 PDI avec des besoins en abri; 750 personnes déplacées; environ 15 000 personnes déplacées'],1,['Reported displacement-related consequences of incidents.'],['Displacement figures support humanitarian analysis and discovery of population movement impacts.']
disease_or_event,subject_domain,medium,1,1,0.004761905,1,1,0,0,0,1,['COVID-19'],1,"['The disease, outbreak, emergency, or event to which the data relate.']",['This field enables discovery of figures related to specific public health events.']
disbursement_values,financial_metric,high,1,1,0.004761905,1,0,1,1,0,0,['0.00; 5.00; 7.00; 20.00; 23.00; 30.00; 35.00'],1,['Reported expected disbursement values across time periods.'],['These values indicate that the table contains a year-by-year disbursement schedule.']
education_level_context,population_group,medium,1,1,0.004761905,1,1,0,0,0,1,['Basic education'],1,['The education level or stage referenced by the figure or one of its dimensions.'],['Education-level context improves discovery within education-sector documents and figures.']
entity_count,not_in_ontology,low,1,1,0.004761905,1,0,1,1,0,0,['627 ids'],1,['Number of unique entities or units represented in the analysis.'],['Entity counts help users understand panel structure and analytical coverage.']
energy_system_component,subject_domain,high,1,1,0.004761905,1,1,0,1,0,0,['Electricity generation'],1,['Specific part of the energy system or value chain represented by the figure.'],"['This distinguishes generation-related data from transmission, distribution, or consumption data.']"
endogenous_variable,indicator_name,medium,1,1,0.004761905,1,0,1,1,0,0,['Each of four informality measures'],1,['Variables treated as endogenous in instrumental-variable models.'],['Endogeneity treatment is important for understanding causal empirical specifications.']
end_target_value,not_in_ontology,high,1,1,0.004761905,1,0,1,1,0,0,['4; Yes; 5'],1,['Final target values expected by the end of the project or monitoring period.'],['End targets are key discovery points for users seeking planned project outcomes.']
effect_direction,not_in_ontology,medium,1,1,0.004761905,1,1,0,1,0,0,['Displayed revenue changes are negative or zero across the shown scenarios'],1,['The overall direction of the measured effect shown by the plotted values.'],"['Directionality helps users find figures showing gains, losses, increases, or decreases.']"
educational_level,population_group,medium,1,1,0.004761905,1,0,1,1,0,0,['Upper secondary school'],1,"[""The education level to which the table's analysis or indicators apply.""]",['Education level is a reusable facet for comparing enrollment and education spending analyses.']
education_type,category_dimension,high,1,1,0.004761905,1,0,1,1,0,0,['Formal education'],1,['Type or form of education referenced by the indicator.'],['Distinguishing formal education from other education types improves topical discovery.']
education_shift,category_dimension,high,1,1,0.004761905,1,1,0,1,0,0,['First shift; Second shift'],1,['The school operating shift categories used to disaggregate the student counts.'],['Shift categories provide a reusable education-system dimension for analyzing capacity and enrollment patterns.']
education_measure,category_dimension,medium,1,1,0.004761905,1,0,1,1,0,0,['Highest Degree Completed'],1,['The education-related variable or classification used in the analysis.'],['The education measure is a key analytical distinction for discovering education-wage evidence.']
document_topics,subject_domain,high,1,1,0.004761905,1,1,0,0,1,0,['Education; Health; Nutrition; Poverty; Social Protection and Labor'],1,['Topical classifications assigned to the source document.'],['Document topics provide broader context but only partially describe this macroeconomic snapshot.']
disaggregation_categories,category_labels,high,1,1,0.004761905,1,1,0,1,0,0,['Men; Women'],1,['The category values used within the disaggregation dimension.'],['Category labels allow retrieval of figures containing gender-specific data series.']
financing_program,project_name,medium,1,1,0.004761905,1,0,1,1,0,0,['MPA Program Financing Envelope'],1,"['The program, fund, or financing window to which the table values relate.']",['Program-level financing labels support discovery across project finance tables.']
financing_percentages,financial_metric,medium,1,1,0.004761905,1,0,1,1,0,0,['95; 100; 100; 83; Total 95'],1,['The percentages of each expenditure category financed by the loan or Bank financing.'],['Financing percentages are a core measure for understanding cost-sharing and disbursement terms.']
financing_instrument,financing_instrument,high,1,1,0.004761905,1,0,1,1,0,0,['IDA Credit; IDA Grant; Guarantee Amount'],1,['Types of financing instruments represented in the table.'],"['Instrument type enables discovery and comparison of credit, grant, and guarantee financing.']"
financing_gap_status,financial_metric,high,1,1,0.004761905,1,0,1,1,0,0,['Financing Gap: 0.00'],1,['Whether the project has an indicated financing shortfall and its amount.'],['A financing gap value is useful for identifying fully financed versus underfinanced projects.']
financing_category,financing_instrument,high,1,1,0.004761905,1,0,1,1,0,0,['Loan'],1,['Financing category or instrument type assigned to table rows.'],['Financing category enables filtering by the type of financing applied to project components.']
financing_action_type,category_dimension,medium,1,1,0.004761905,1,0,1,1,0,0,['Reduction; additional request'],1,"['The type of financial change, action, or adjustment described in the table.']","['Action types help distinguish increases, reductions, requests, and reallocations in financial tables.']"
financial_status_categories,category_labels,high,1,1,0.004761905,1,0,1,1,0,0,['Committed; Disbursed; Approvals Pending Commitment'],1,['The financial status groupings used to organize portfolio amounts.'],['Status categories support comparison and filtering of portfolio data by commitment and disbursement stage.']
derived_metric_name,indicator_name,high,1,1,0.004761905,1,0,1,1,0,0,['Final Weight'],1,['Name of the calculated or derived metric produced by the table.'],['The derived metric indicates the table’s main analytical output.']
disbursement_linked_indicator_flag,not_in_ontology,medium,1,1,0.004761905,1,0,1,1,0,0,['DLI column present; no row-level DLI values visible'],1,['Whether indicators are associated with disbursement-linked indicator status or values.'],['DLI information is useful for filtering indicators tied to financing or disbursement conditions.']
data_series,series_labels,high,1,1,0.004761905,1,1,0,1,0,0,['GDP deflator; CPI; Exports; Imports; Current account balance to GDP; debt composition categories A–G'],1,['Named plotted series or comparable data groups shown in embedded charts.'],['Series labels make charted indicators discoverable even when they are not fully captured in surrounding text.']
financial_measure_names,indicator_name,high,1,1,0.004761905,1,0,1,1,0,0,['Cost Incl. Contingencies; Bank-financing'],1,['Names of monetary measures reported in the table.'],['Financial measure names make the table discoverable for cost and financing analysis.']
financial_instrument_types,financing_instrument,high,1,1,0.004761905,1,0,1,1,0,0,['Loan; Equity; Quasi; Partic'],1,['The financial instrument categories used as subcolumns in the table.'],['Instrument types are reusable dimensions for discovering and analyzing finance-related tables.']
financial_instrument_type,financing_instrument,high,1,1,0.004761905,1,0,1,1,0,0,['Bank loans and IDA credits; SAL/SECAL or Program Loan Credit indicated by (S)'],1,['The type of lending or credit instrument represented in the table.'],"['Instrument type supports discovery of lending portfolios by loan, credit, or programmatic operation.']"
gender,population_group,high,1,1,0.004761905,1,0,1,1,0,0,['female'],1,['The gender group associated with the reported population.'],['Gender enables faceted discovery of sex- or gender-disaggregated information.']
funding_type,financing_instrument,medium,1,1,0.004761905,1,0,1,1,0,0,"['multiple sources; KSA, Finland; EU; Grant; IBRD loan']",1,"['Funding modality, instrument, or source type associated with each entry.']","['Funding type enables comparison of grants, loans, and multi-source arrangements across tables.']"
funding_source,financing_source,medium,1,1,0.004761905,1,0,1,1,0,0,['الصندوق العالمي للتمويل الميسر; IBRD-87710'],1,['The sources or instruments providing project financing.'],['Funding sources are key facets for finding project financing information.']
financial_metrics,financial_metric,high,1,1,0.004761905,1,0,1,1,0,0,['Net benefits; net present value; internal rate of return'],1,['Financial or economic evaluation metrics included in the table.'],['These metrics support discovery and comparison of project appraisal and economic viability tables.']
estimate_status,category_dimension,high,1,1,0.004761905,1,0,1,1,0,0,"['1996 Actual; 1997 Estimated; 1998, 2000, 2002, 2004, and 2005 Forecast']",1,"['The status of data values as actual, estimated, projected, or forecast.']",['Distinguishing actuals from estimates and forecasts is important for analytical reuse.']
estimate_statistic,measure_type,high,1,1,0.004761905,1,0,1,1,0,0,['Regression coefficients with parenthetical statistics'],1,['The type of numeric estimates presented in the table cells.'],['Knowing that cell values are regression estimates supports analytical reuse and interpretation.']
entity_type,category_labels,medium,1,1,0.004761905,1,1,0,1,0,0,['Countries and territories'],1,['The type of units being classified or compared in the figure.'],['Identifying the unit of comparison helps users find figures organized by country or territory.']
financial_instrument,financing_instrument,high,1,1,0.004761905,1,0,1,1,0,0,['IDA Grant'],1,['Type of financing instrument or product represented in the table.'],['Financing instrument is important for filtering and comparing project finance structures.']
derived_metric_values,not_in_ontology,high,1,1,0.004761905,1,0,1,1,0,0,['0.100; 0.063; 0.099; 0.156; 0.168; 0.058; 0.148; 0.208'],1,['Values of the calculated or derived metric shown in the snapshot.'],['Derived values support analytical reuse and ranking of the compared criteria.']
financial_breakdown_dimension,category_dimension,high,1,1,0.004761905,1,1,0,1,0,0,['By country; by funding status; by earmarking type'],1,['Dimensions used to break down financial data in the charts.'],['Breakdown dimensions describe how financial totals can be analyzed and reused.']
destination_category_labels,geographic_role,high,1,1,0.004761905,1,1,0,1,0,0,['United Kingdom; Germany; France; Portugal; Finland; Belgium; Switzerland; Bulgaria; Luxembourg; Ireland; Lithuania'],1,['The category labels appearing as destinations or targets in the flow diagram.'],['Destination labels expose target entities that may not be represented in document metadata.']
destination_dimension,geographic_role,high,1,1,0.004761905,1,1,0,1,0,0,['Inferred: destination/target country shown on the right side'],1,['The dimension representing the ending category in a flow or relationship chart.'],['Destination dimensions support discovery of target entities and directional relationships.']
financing_source_categories,financing_source,high,1,1,0.004761905,1,0,1,1,0,0,['Counterpart Funding; IBRD; IDA Credit; IDA Grant; Trust Funds; Parallel Financing; Crisis Response Window; Regional Projects Window'],1,['The financing source types or categories presented in the table.'],['Financing source categories support filtering and analysis by type of project funding.']
destination_geographic_area,geographic_role,high,1,1,0.004761905,1,0,1,1,0,0,['Site de Gengere; Localité Atata; Tchomia; Nyamamba; Kafe; Joo; Gbii; Torges'],1,['Return locations or destination areas listed in the table.'],['Destination locations enable geographic search and comparison of return patterns.']
factor_type,category_dimension,high,1,1,0.004761905,1,1,0,1,0,0,['Capital'],1,['The production factor or input category to which the figure applies.'],['Identifying the factor type enables comparison with related figures for labor or other inputs.']
factor_of_production,category_dimension,medium,1,1,0.004761905,1,1,0,0,0,1,['White collar labor/employment (inferred from figure title and document abstract)'],1,['The production factor analyzed in the figure.'],"['Factor-specific metadata enables comparison across capital, blue-collar labor, and white-collar labor results.']"
destination_locations,geographic_role,high,1,1,0.004761905,1,1,0,1,0,0,['Greece; Bulgaria; Cyprus; Italy'],1,['Places receiving or associated with the represented movements.'],['Destination locations make the route-level content discoverable beyond the overall map title.']
facility_name,geographic_entities,medium,1,1,0.004761905,1,1,0,1,0,0,['Hopital de la Paix'],1,['Named institution or facility referenced in the snapshot.'],['Named facilities support entity-based search and linking across related documents or snapshots.']
facility_count,indicator_name,medium,1,1,0.004761905,1,1,0,1,0,0,['20 hospitals'],1,['Number of facilities associated with a reported metric.'],['Facility counts provide important scope information for interpreting expenditure concentration.']
external_factor,interpretive_note,medium,1,1,0.004761905,1,1,0,1,0,0,['COVID-19 restrictions'],1,['External event or condition explicitly cited as influencing reported outcomes.'],['External factors help users understand why indicator values may not reflect normal program performance.']
determinant_variables,indicator_name,medium,1,1,0.004761905,1,1,0,1,0,0,['Law and Order; Business Regulatory Freedom; Average Years of Secondary Schooling; Sociodemographic Factors'],1,['Explanatory variables or determinants plotted on the horizontal axes.'],['These variables reveal the analytical drivers being compared with informality measures.']
explanatory_variable_names,indicator_name,medium,1,1,0.004761905,1,0,1,1,0,0,['Log Nat per capita income; Years of Schooling of HH; Region (rural); Age; Squared Age; Gender (female); Number of rooms; Floor (not floor finished); Sewage (not sewage); Num. Children; Mills Ratio; Constant'],1,['Names of independent variables or covariates used in the table’s analysis.'],['Explanatory variable names make the determinants analyzed in the table searchable and reusable.']
figure_label,internal_identifier,high,1,1,0.004761905,1,1,0,1,0,0,['Exhibit 1'],1,['The displayed label or numbering used to identify the figure within the document.'],['The figure label supports citation and navigation to this specific visual within the document.']
observation_unit,not_in_ontology,high,1,1,0.004761905,1,1,0,0,0,1,[],0,['The type of entity represented by each plotted observation or data point.'],"['Observation unit is important for analytical reuse, but the snapshot does not explicitly label the plotted entities.']"
observation_level,geographic_granularity,high,1,1,0.004761905,1,0,1,1,0,0,['Country/economy-level banking-sector observations'],1,['The level at which table values are reported.'],['Observation level improves analytical reuse by indicating the granularity of the data.']
numeric_values,not_in_ontology,high,1,1,0.004761905,1,0,1,1,0,0,['0.00; 1.00; 3.00'],1,['Numeric values displayed in the table cells.'],['Capturing numeric values enables retrieval of tables containing measurable project indicators.']
numeric_value_range,not_in_ontology,high,1,1,0.004761905,1,0,1,1,0,0,['Total Budget ranges from $4.2M to $598.9M; Total Funded ranges from 38% to 71%'],1,['Observed minimum and maximum ranges for key numeric measures.'],['Value ranges help identify tables relevant to quantitative thresholds or comparisons.']
numeric_scale,not_in_ontology,low,1,1,0.004761905,1,1,0,1,0,0,['K and M abbreviations used for thousands and millions'],1,['Scale notation applied to numeric values in the figure.'],['Scale notation helps normalize values for analysis and comparison.']
notable_extreme_value,not_in_ontology,high,1,1,0.004761905,1,1,0,1,0,0,['Highest visible value: 60% for No specific duration in Manufacturing'],1,['A prominent maximum or minimum value highlighted by the plotted data.'],['Extreme values help users discover charts with notable patterns or outliers.']
normalization_denominator,calculation_method,medium,1,1,0.004761905,1,1,0,1,0,0,['GDP'],1,['Denominator used to normalize the financial indicators.'],['Normalization by GDP is analytically important and improves comparability across indicators and countries.']
panel_title,title,high,1,1,0.004761905,1,1,0,1,0,0,"['Access to basic education in Sudan at the beginning and end of the cycle in Sudan by gender, location, and wealth quintile (2014); Primary education GER in 2016 or the latest available, selected countries']",1,['Titles of individual panels or subfigures within a multi-part figure.'],['Panel titles distinguish separate analytical views within the same figure.']
covariate_theme,subject_domain,medium,1,1,0.004761905,1,0,1,1,0,0,['Household assets; ethnicity; household composition; housing conditions; sanitation; vocational training; clean water access'],1,['Conceptual themes represented by the explanatory variables.'],['Thematic covariate metadata enables discovery beyond exact variable labels by grouping related predictors semantically.']
country_of_asylum,geographic_role,high,1,1,0.004761905,1,0,1,1,0,0,['Democratic Republic of the Congo; Mozambique; South Africa; Zambia; Congo; Angola; Malawi; Zimbabwe; Namibia; Eswatini; Botswana; Madagascar; Lesotho; Mauritius; Comoros'],1,['Countries under which locations and population counts are grouped.'],['Country-level grouping supports faceted discovery and geographic aggregation.']
panel_categories,category_labels,high,1,1,0.004761905,1,1,0,1,0,0,['Electronics and Automation; Software Development and Analysis; Network and Database Design and Administration'],1,"[""The category values represented by the figure's separate panels.""]",['Panel categories make the specific fields of study searchable without treating them as schema fields.']
overall_total,not_in_ontology,high,1,1,0.004761905,1,0,1,1,0,0,"['8,323,227']",1,['The grand total value reported for all countries and population groups.'],['A top-level total supports quick discovery of the scale represented by the table.']
outcome_variables,indicator_name,high,1,1,0.004761905,1,0,1,1,0,0,['White collar adjustment; Blue collar adjustment; Capital adjustment'],1,['Dependent variables or outcomes reported across model columns.'],['Outcome variables are central for discovering what the table estimates.']
country_or_region,geographic_scope,high,1,1,0.004761905,1,0,1,1,0,0,['Democratic Republic of the Congo inferred from Sud Kivu province and map outline'],1,"[""Country or broader region associated with the snapshot's geography.""]",['A country-level geographic field improves discovery when users search beyond the provincial name.']
country_or_territory_names,geographic_entities,high,1,1,0.004761905,1,1,0,1,0,0,"['Examples include Democratic Republic of the Congo, Republic of the Congo, Angola, Zambia, Malawi, Mozambique, Zimbabwe, Botswana, Namibia, South Africa, Eswatini, Lesotho, Madagascar, Mauritius, Seychelles, Comoros, Rwanda, Burundi, Uganda, Kenya, Somalia, Ethiopia, South Sudan, Cameroon, Gabon, and Equatorial Guinea']",1,['Countries or territories labeled within the map extent.'],['Country and territory labels provide strong facets for geographic discovery.']
outcome_indicator,indicator_name,high,1,1,0.004761905,1,0,1,1,0,0,['Upper secondary school enrollment'],1,['The dependent outcome or main indicator analyzed in the table.'],['Identifying the outcome enables discovery of tables about specific education indicators.']
covariate_examples,indicator_name,medium,1,1,0.004761905,1,0,1,1,0,0,['Age; Female Gender; HH income per capita; Teachers per 1000 15-19 years old population; Federal Expenditure'],1,['Representative explanatory variables included in the analysis.'],"['Capturing key covariates improves search for tables involving household, demographic, and government effort determinants.']"
panel_labels,not_in_ontology,low,1,1,0.004761905,1,1,0,1,0,0,['(a) 2001; (b) 2007'],1,['Labels and values assigned to individual panels in a multi-panel figure.'],['Panel labels clarify the comparison being made within the figure.']
movement_context,population_group,high,1,1,0.004761905,1,1,0,1,0,0,['Cross border movements'],1,['The substantive phenomenon or context measured by the snapshot.'],['This field captures the core analytical subject beyond the population group.']
monetary_unit,currency,high,1,1,0.004761905,1,1,0,1,0,0,['US$; millions US$'],1,['Currency denomination used for monetary indicators.'],['Currency metadata supports analytical reuse and comparison of financial indicators.']
monetary_amounts,financial_metric,medium,1,1,0.004761905,1,0,1,1,0,0,['4.13; 0.09; 0.47; 0.31; Total 5.00'],1,['The monetary values reported in the table.'],['Capturing monetary amounts improves discovery and reuse of financing allocation data.']
monetary_amount,financial_metric,high,1,1,0.004761905,1,0,1,1,0,0,"['US$56.22 million; US$43.5 million; US$1.9 million; €6 million; €1 million; €0.9 million; €0.7 million; £3 million; US$74.5 million; US$45 million; US$40 million; €1,192,792; €3,499,630.00; €3,290,000']",1,['Reported financial values or funding amounts in the table.'],['Monetary amounts are the core quantitative measure needed for financial analysis and retrieval.']
countries_or_territories,geographic_entities,high,1,1,0.004761905,1,0,1,1,0,0,['Democratic Republic of the Congo; Mozambique; South Africa; Congo; Zambia; Angola; Malawi; Zimbabwe; Namibia; Eswatini; Botswana; Lesotho; Madagascar; Mauritius; Comoros'],1,['Countries or territories appearing as geographic entities in the table.'],['Country-level entities improve geographic search and filtering.']
model_statistical_significance,not_in_ontology,high,1,1,0.004761905,1,0,1,1,0,0,"['P-values reported, including values such as 0.000, 0.017, 0.024, 0.046']",1,['Whether and how statistical significance information is included in the table.'],['Presence of p-values supports filtering for tables that report statistical inference and significance testing.']
model_stage,analysis_method,medium,1,1,0.004761905,1,0,1,1,0,0,['First-stage regressions'],1,['The stage of a multi-stage statistical model represented in the table.'],['Model stage helps distinguish preliminary or instrumental-variable regressions from final outcome models.']
model_specifications,column_dimension,high,1,1,0.004761905,1,0,1,1,0,0,['Columns labeled (1) and (2)'],1,['Distinct model versions or specifications reported as table columns.'],['Model specification labels allow users to understand that the table compares multiple empirical models.']
operation_identifier,project_identifier,high,1,1,0.004761905,1,0,1,1,0,0,"['Examples include Cr.21240, CN 0230 (S), Cr.29870']",1,['Identifiers assigned to individual loans or credits listed in the table.'],['Operation identifiers enable precise lookup and linking of table rows to project or financing records.']
country_context,geographic_scope,high,1,1,0.004761905,1,0,1,1,0,0,[],0,['Country or countries relevant to the table context.'],"['Country context improves geographic discovery, although the destination country is not explicitly shown.']"
origin_category_labels,geographic_role,medium,1,1,0.004761905,1,1,0,1,0,0,['Italy; France; Greece'],1,['The category labels appearing as origins or sources in the flow diagram.'],['Origin labels make the specific source entities searchable and reusable.']
organization_presence_types,location_type,high,1,1,0.004761905,1,1,0,1,0,0,['Regional Office; Country Office; Multi-Country Office; Sub-Office; Field Office; Field Unit'],1,['Types of organizational offices or presence points shown on the map.'],['Presence types support discovery and comparison of organizational footprint across locations.']
organization_names,source_organization,high,1,1,0.004761905,1,0,1,0,0,1,['EU; UNDP; Holst Fund; Danish Government; World Bank'],1,"['Organizations, donors, or agencies associated with the table entries or source document.']",['Organization names improve discovery of donor and implementing-agency information.']
organization,source_organization,high,1,1,0.004761905,1,1,0,1,0,0,['UNHCR'],1,['Organization responsible for or associated with the programmatic results shown.'],['The organization is central for provenance and for filtering humanitarian program information.']
operational_region,source_organization,medium,1,1,0.004761905,1,1,0,1,0,0,['Regional Bureau for Southern Africa'],1,['The operational or administrative region referenced by the producing organization.'],['Operational region helps distinguish organizational coverage from general map extent.']
operational_entities,not_in_ontology,medium,1,1,0.004761905,1,0,1,1,0,0,['Regional Bureau for West and Central Africa; Regional activities for West and Central Africa; Cameroon Multi-Country Office; Senegal Multi-Country Office'],1,['Administrative or operational units represented in the table.'],['Operational entities provide important context beyond country names for interpreting the data.']
operational_context,not_in_ontology,low,1,1,0.004761905,1,1,0,1,0,0,['Refugee camps; adequate dwellings; voluntary return; resettlement'],1,['Operational setting or response context in which indicators are measured.'],['Operational context helps distinguish similar indicators measured in different humanitarian settings.']
operation_purpose,project_name,high,1,1,0.004761905,1,0,1,1,0,0,"['Examples include Water Supply II, Livestock, Urban I, Power III, Transport Rehab., Road Sector/Inst. Supp']",1,"['The stated purpose, project name, or sectoral objective of each operation.']",['Operation purpose makes otherwise hidden row-level subjects searchable across the corpus.']
model_specification_labels,column_dimension,medium,1,1,0.004761905,1,0,1,1,0,0,['Equation 1; Equation 2'],1,['Labels identifying separate model specifications or columns in the table.'],['Specification labels allow users to compare alternative estimates within the same table.']
component_name,project_component,high,1,1,0.004761905,1,0,1,1,0,0,"['Civic engagement, social cohesion, monitoring and operational support']",1,"['The named project, program, or intervention component described in a table row.']",['Component names are highly useful for discovering project activities embedded in cost tables.']
primary_geographic_context,geographic_scope,high,1,1,0.004761905,1,0,1,1,0,0,['Lebanon'],1,['Main location to which the headline finding applies.'],['The figure’s main result is specifically about enrollment status in Lebanon.']
primary_explanatory_variable,indicator_name,medium,1,1,0.004761905,1,0,1,1,0,0,['Foreign bank asset share (in 1+ logs)'],1,['The main explanatory or treatment variable emphasized by the table.'],['The primary explanatory variable captures the core relationship examined in the regression results.']
primary_dimension,category_dimension,high,1,1,0.004761905,1,1,0,1,0,0,['Education attainment levels: Higher; Secondary; Primary; None'],1,['The main categorical dimension used to organize the figure.'],['The primary dimension supports faceted discovery of figures organized by education level or attainment.']
conducting_organizations,source_organization,medium,1,1,0.004761905,1,0,1,1,0,0,['UNHCR/CUAMM'],1,['Organizations or agencies responsible for conducting the activity.'],['Supports provenance tracking and discovery by implementing organization.']
predictor_variables,indicator_name,medium,1,1,0.004761905,1,0,1,1,0,0,['Have color TV; Have computer; Have mobile; Have fan; Have motorbike; Have refrigerator; Ethnic minority; Household size; Log of living area per capita; Flush toilet; No toilet; Proportion of working members without vocational training; Proportion of working members with vocational training; Proportion of working member to household size; No clean water'],1,['The explanatory variables or covariates listed in the regression table.'],"['Capturing covariates enables discovery of tables involving household assets, demographics, sanitation, labor, and infrastructure variables.']"
population_unit,population_group,high,1,1,0.004761905,1,0,1,1,0,0,['Firms'],1,['The population or observational units represented in the analysis.'],['Population-unit metadata improves reuse by clarifying what entities the estimates describe.']
population_status_categories,population_group,high,1,1,0.004761905,1,0,1,1,0,0,['Refugee; Asylum-Seeker; Other of Concern; IDP by Conflict; IDP by Natural Disaster; Returned IDP; Refugee Returnee; Statelessness; Host Community; Total'],1,['Categories of population or displacement status used as measures or column labels.'],"[""These categories are central to searching and analyzing the table's humanitarian data.""]"
outcome_category_labels,category_labels,high,1,1,0.004761905,1,0,1,1,0,0,['Agriculture + other sectors; Domestic work; omitted category: no work'],1,['The categories or levels of the outcome variable represented in the table.'],['Outcome categories expose the substantive data dimensions that may not appear in document-level metadata.']
population_scope,population_group,high,1,1,0.004761905,1,0,1,1,0,0,['20 hospitals with the highest total cost'],1,['The subset of entities covered by the snapshot.'],['This clarifies that the table is not all hospitals but a selected high-cost subset.']
context_place_names,geographic_entities,high,1,1,0.004761905,1,1,0,1,0,0,['Amman; Zarqa; Al-Russiefah; Abu Nuseir; Sweileh; Wadi Al Sir; Mari al Hamam; Naur; Sahab'],1,['Other geographic place names shown for spatial context.'],['Context places help users locate the mapped features within a recognizable urban region.']
contextual_event,not_in_ontology,low,1,1,0.004761905,1,1,0,1,0,0,['Syrian Crisis'],1,"['A crisis, event, or contextual factor explicitly associated with the displayed data.']",['The event context is central to interpreting the largest cost component and supports crisis-related discovery.']
policy_intervention,intervention_type,high,1,1,0.004761905,1,1,0,1,0,0,['Reform of special tariffs by cutting ad-valorem equivalents'],1,['The policy action or reform being analyzed in the snapshot.'],['This captures the substantive intervention shown in the figure rather than only the document-level topic.']
policy_instrument,intervention_type,high,1,1,0.004761905,1,1,0,1,0,0,['Special tariffs; ad-valorem equivalents'],1,"['The policy instrument, tax, regulation, or mechanism affected by the analysis.']",['Identifying the instrument improves retrieval of figures about specific forms of trade taxation.']
project_or_program_names,project_name,high,1,1,0.004761905,1,0,1,1,0,0,['Second Emergency Rehabilitation Project; Municipal Infrastructure Development Project; Water and Sanitation Services Project; Community Development Project I; Proposed Southern Area Water and Sanitation Improvement Project; Proposed Municipal Infrastructure Development Project II; EU Municipal Support Program; UNDP Local Rural Development Fund; Holst Fund Emergency Employment Generation Program; Municipal Development Program in middle area refugee camps of Gaza'],1,"['Names of projects, programs, or funds listed as table entries.']",['Project and program names are highly searchable entities contained in the table.']
control_variables_description,not_in_ontology,low,1,1,0.004761905,1,0,1,1,0,0,['Baseline includes country of birth and dataset fixed effects; Income adds working dummy and log income; Family adds seven family member controls; All is full specification from Table 4'],1,['Textual description of controls included in each model specification.'],['Control definitions provide essential context for interpreting the reported coefficients.']
control_variables_note,interpretive_note,high,1,1,0.004761905,1,0,1,1,0,0,['Background characteristics included; see note in Table 5 for the list'],1,['Information about included controls or covariates referenced in the table note.'],['Control-variable metadata helps assess comparability and model specification even when full controls are not shown.']
population_site_types,location_type,high,1,1,0.004761905,1,1,0,1,0,0,['Refugee planned settlement; Refugee centre'],1,['Types of population-related sites or facilities shown on the map.'],['Population site types help users find maps involving refugee settlements and centres.']
covariate_labels,indicator_name,medium,1,1,0.004761905,1,0,1,1,0,0,"[""98 Survey; Women; Age; South-East Area; Center-South Area; North-East Area; North-West Area; Center-North Area; Pacific Area; Years after graduation; Not working when graduated; Lower-secondary HH; Upper-secondary HH; University - + HH; Don't know HH; GDP per capita""]",1,['The explanatory variables or covariates listed in the table.'],"['Covariate labels enable discovery of tables involving gender, region, education background, work status, and economic controls.']"
origin_locations,geographic_role,high,1,1,0.004761905,1,0,1,1,0,0,"['Pemba, Mocimboa da Praia, Nangade, Macomia, Muidumbe, Quissanga, Meluco, Palma']",1,['Locations from which participants originated.'],['Origin information adds mobility or displacement-relevant geographic context beyond the activity site.']
comparison_metric,comparison_group,medium,1,1,0.004761905,1,1,0,1,0,0,['Evolution compared to 2019'],1,['Label describing the comparative measure displayed for indicators.'],"['The comparison metric identifies that the figure reports change relative to a baseline, not only current values.']"
origin_geographic_area,geographic_role,high,1,1,0.004761905,1,0,1,1,0,0,"['Camp des réfugiés de Kyangwali, Hoima district, Ouganda; familles d’accueil']",1,['Place or setting from which the population originated or returned.'],['Origin geography is important for tracing cross-border or displacement movement patterns.']
origin_dimension,geographic_role,high,1,1,0.004761905,1,1,0,1,0,0,['Inferred: source/origin country shown on the left side'],1,['The dimension representing the starting category in a flow or relationship chart.'],['Origin dimensions are central to interpreting and querying Sankey-style diagrams.']
policy_domain,subject_domain,high,1,1,0.004761905,1,1,0,0,0,1,['Services trade policies; trade restrictiveness'],1,['The policy or thematic domain addressed by the figure.'],['This connects the figure to reusable topical facets for trade policy analysis.']
policy_area,subject_domain,high,1,1,0.004761905,1,1,0,0,0,1,['Trade policy; tariff reform'],1,['The broad policy domain addressed by the snapshot.'],['Policy-area tagging enables thematic discovery of figures about trade reforms.']
comparison_value,not_in_ontology,high,1,1,0.004761905,1,1,0,1,0,0,['Corresponding figure in 2015 was 85%'],1,['Benchmark or comparison value included alongside the main reported finding.'],['Comparison values reveal trends or contextual benchmarks that may not appear in document-level metadata.']
parameter_name,indicator_name,medium,1,1,0.004761905,1,1,0,1,0,0,['Risk aversion parameter ρ'],1,['A named model parameter used to define scenarios or plotted results.'],['Capturing model parameters supports discovery of analytical figures using comparable assumptions.']
percentage_measure_names,indicator_name,high,1,1,0.004761905,1,0,1,1,0,0,['% of Total; % of Bank-financing'],1,['Names of proportional or percentage measures reported in the table.'],['Percentage measures support discovery of tables that compare shares or allocations.']
percentage_change_from_baseline,not_in_ontology,high,1,1,0.004761905,1,1,0,1,0,0,['+28%; +55%; +94%; +69%; -6%; +410%; +72%; +19%; +8%; -13%; -33%; -92%; -57%; -64%'],1,['Percent change values shown for indicators relative to the baseline period.'],['Percent changes support trend discovery and comparison across program areas.']
comparison_values,not_in_ontology,low,1,1,0.004761905,1,0,1,1,0,0,"['Numeric pairwise comparison scores, including values such as 6.63, 2.41, 0.49, 16.86, 12.48, and 11.55']",1,['Numeric values expressing pairwise relationships among compared entities.'],['The comparison scores are the core data values underlying the matrix analysis.']
parenthetical_statistic,measure_type,medium,1,1,0.004761905,1,0,1,1,0,0,"['Values in parentheses appear below coefficient estimates, e.g., (10.33), (-3.27), (1.61)']",1,"['Supplementary statistic displayed in parentheses for each estimate, such as a t-statistic or standard error.']","['Capturing parenthetical statistics helps users assess uncertainty or statistical strength, even when the exact statistic type is not labeled.']"
parent_project_name,project_name,high,1,1,0.004761905,1,0,1,0,0,1,['Jordan Health Sector Reform Project'],1,['The project or program to which the table relates.'],['Linking the table to the project supports discovery across project-specific financial and operational snapshots.']
component_identifier,project_component,high,1,1,0.004761905,1,0,1,1,0,0,['Component 3'],1,['The identifier or ordinal label assigned to a project component or program component.'],['Component identifiers help link table rows to structured project component information.']
parameter_value,not_in_ontology,high,1,1,0.004761905,1,1,0,1,0,0,['ρ = 2'],1,['The observed value assigned to a model parameter in the figure.'],['Parameter values help distinguish otherwise similar model scenarios.']
parameter_type,category_dimension,medium,1,1,0.004761905,1,1,0,1,0,0,['Long-run elasticities; distribution parameters'],1,['The broad class of estimated parameter reported in the table.'],['Parameter type supports filtering and comparison across econometric result tables.']
parameter_names,not_in_ontology,low,1,1,0.004761905,1,0,1,1,0,0,['Standard deviation of Poisson latent heterogeneity term; Correlation of heterogeneity and selection errors'],1,['Additional model parameters reported separately from primary explanatory variables.'],['Additional parameter labels help users find tables reporting model diagnostics or structural parameters.']
percentage_metric,measure_type,high,1,1,0.004761905,1,0,1,1,0,0,['% of regional total; % of expenditure vs budget'],1,['Percentage-based measures included alongside monetary values.'],['Percentage metrics support discovery of tables containing shares and execution rates.']
legend_classes,category_labels,high,1,1,0.004761905,1,1,0,1,0,0,['15 584; 15 585–159 560; 159 561–263 347; 263 348–497 987'],1,['Class breaks or value ranges shown in the legend for the mapped indicator.'],['Legend classes make the quantitative encoding interpretable and reusable.']
current_status_category,population_group,high,1,1,0.004761905,1,0,1,1,0,0,['Not enrolled in formal education in Lebanon'],1,['Current status category highlighted by the main figure result.'],['The current enrollment status is the main semantic category represented by the figure.']
data_access_date,not_in_ontology,high,1,1,0.004761905,1,1,0,1,0,0,['November 2009'],1,['The date when the underlying data source was accessed.'],['Access date helps interpret figures based on dynamic or periodically updated data sources.']
legal_or_policy_reference,not_in_ontology,high,1,1,0.004761905,1,0,1,1,0,0,['rés. 1612'],1,"['Legal, policy, or normative reference cited in the table text.']",['References such as resolutions can support retrieval of data tied to specific legal frameworks.']
measure_concept,indicator_name,high,1,1,0.004761905,1,0,1,1,0,0,['Time to access food'],1,['The underlying concept being measured by the table values.'],['This field supports discovery of tables measuring access burden or travel/service time.']
measure_column,indicator_name,high,1,1,0.004761905,1,0,1,1,0,0,['Average Cost / Case (USD)'],1,['The quantitative column or measure reported in the table.'],['This identifies the numeric variable available for analytical reuse.']
measure_category,category_labels,medium,1,1,0.004761905,1,1,0,1,0,0,['Tariff revenue; trade tax revenue'],1,['The categories of revenue or outcome measure compared in the figure.'],['Separating outcome categories enables comparison across figures that analyze different fiscal effects.']
mapped_locations,geographic_entities,high,1,1,0.004761905,1,1,0,1,0,0,['Markazi; Obock; Djibouti; Hol-Hol; Ali-Addeh'],1,"['Specific settlements, cities, camps, or point locations represented in a map or spatial figure.']",['Named locations make the map discoverable for settlement- and locality-level queries.']
movement_direction,geographic_role,high,1,1,0.004761905,1,1,0,1,0,0,"['From Turkey toward Greece, Bulgaria, Cyprus, and Italy']",1,['Directional relationship represented by routes or arrows in the figure.'],['Movement direction supports discovery of origin-destination patterns in flow maps.']
mapped_feature_types,location_type,high,1,1,0.004761905,1,1,0,1,0,0,['Selected cities and towns; governorate capitals; national capital; rivers; main roads; railroads; governorate boundaries; international boundaries'],1,['Types of geographic or infrastructure features represented in the map legend.'],"['Feature types enable discovery of maps containing transport, hydrological, settlement, or boundary information.']"
mapped_feature_categories,location_type,high,1,1,0.004761905,1,1,0,1,0,0,['UNHCR Regional Office; UNHCR Country Office; UNHCR Multi-Country Office; UNHCR Sub-Office; UNHCR Field Office; UNHCR Field Unit; Refugee planned settlement; Refugee centre; National capital; International boundary'],1,['The categories of features represented in the map legend.'],['Feature categories make the semantic contents of the map searchable without inspecting the legend.']
map_type,visualization_type,high,1,1,0.004761905,1,1,0,1,0,0,"['Reference map with transportation, settlement, refugee camp, and boundary features']",1,['Functional type of map based on the information layers it presents.'],['Map type supports filtering and reuse by distinguishing general reference maps from thematic or analytical maps.']
map_subtitle,title,medium,1,1,0.004761905,1,1,0,1,0,0,['Eastern Slavonia - West Srijem Areas'],1,['A secondary title that narrows or qualifies the map subject.'],['The subtitle provides a more specific spatial focus than the document-level country metadata.']
map_subject,subject_summary,high,1,1,0.004761905,1,1,0,1,0,0,['UNHCR presence'],1,['The primary thematic subject represented by the map.'],['The subject captures the main analytical purpose of the map beyond its geographic extent.']
map_scale_range,not_in_ontology,high,1,1,0.004761905,1,1,0,1,0,0,['Scale bar shown from 0 to 30 kilometers and 0 to 20 miles'],1,['Distance range represented by the map scale bar.'],['The scale range helps users assess map granularity and analytical suitability.']
data_classification_method,calculation_method,medium,1,1,0.004761905,1,1,0,1,0,0,['Binned case-count ranges represented by graduated red circles'],1,['The method used to group or symbolize quantitative values.'],['Classification method helps users compare figures and interpret mapped quantities correctly.']
map_layer_labels,series_labels,medium,1,1,0.004761905,1,1,0,1,0,0,['Squatter settlements; Greater Amman City Limit; Main roads; Secondary roads'],1,['Legend categories or spatial layers represented in the map.'],['Layer labels describe what kinds of spatial information are encoded in the map.']
mapped_location_names,geographic_entities,high,1,1,0.004761905,1,1,0,1,0,0,"[""Al-Bakistan; Massoum; North Yajouz; Janna'a; Thaheriyah; Al-Jundi; Amir Ali; Al-Musheirfeh; Amir Faisal; Al-Hashemi; Mahatta; Hneikein; Al-Mugairat; Wadi Al-Qattar; Abu Sayyah; Al-Misdar; Al-Natheif; Deja; West Wehdat; Al-Zuhour; Al-Lawzieh; Al-Qaisiyeh; Al-Nuzha Al-Rajib""]",1,['Names of specific locations or features labeled as part of the mapped subject.'],['Named settlement labels make the map discoverable for local place-based queries.']
intervention_program,project_name,high,1,1,0.004761905,1,0,1,0,1,0,['Nutrition Enhancement Program'],1,['The program or intervention evaluated by the table or document.'],['Program metadata links the table’s estimates to the intervention being evaluated.']
coverage_note,interpretive_note,high,1,1,0.004761905,1,0,1,1,0,0,"['Regional Bureau and regional activities cover the whole of West and Central Africa region; Cameroon Multi-Country Office coordinates activities in Cameroon and Gabon and also covers Equatorial Guinea and Sao Tome and Principe without presence in the latter countries; Senegal Multi-Country Office coordinates activities in Guinea, Guinea-Bissau, Senegal and Togo and also covers Benin, Cape Verde, Gambia and Sierra Leone without presence in the latter countries.']",1,['Footnote or note text clarifying geographic or operational coverage.'],['Coverage notes clarify how multi-country and regional operations should be interpreted.']
intervention_area,intervention_type,high,1,1,0.004761905,1,0,1,1,0,0,['Social registry; SBCC sessions; climate resilience best practices; exclusive breastfeeding; household self help activities; financial inclusion services'],1,"['Program activity, service, or intervention area measured by the indicators.']",['Intervention areas improve thematic search within project results tables.']
interpretation_note,interpretive_note,high,1,1,0.004761905,1,1,0,1,0,0,['Values above zero indicate degree of anti-cyclicality'],1,['A note explaining how to interpret the sign or magnitude of displayed values.'],['The interpretation note is necessary to understand what positive correlation values mean in this figure.']
interaction_terms,indicator_name,medium,1,1,0.004761905,1,0,1,1,0,0,['Crisis * Stdtoa; Post12 * Stdtoa; Post3 * Stdtoa'],1,['Interaction variables included in the statistical model.'],['Interaction terms reveal the conditional relationships tested in the table.']
instrumented_variables,indicator_name,medium,1,1,0.004761905,1,0,1,1,0,0,['Migration variables; migration and financial development variables'],1,['Variables treated as endogenous and instrumented in the estimation.'],['Instrumented variables are critical metadata for identifying instrumental-variable analyses.']
instrumental_variables,not_in_ontology,high,1,1,0.004761905,1,0,1,1,0,0,['Law and order; Business regulatory freedom; Average Years of Secondary Schooling; Sociodemographic factors'],1,['Instruments used in instrumental-variable regressions.'],['Instrumental variables are key metadata for discovering and evaluating IV regression tables.']
institutional_source,source_organization,high,1,1,0.004761905,1,0,1,0,1,0,['World Bank'],1,['Institution or organization responsible for the source document.'],['Institutional source supports provenance tracking and source-based filtering.']
legend_encoding,series_labels,medium,1,1,0.004761905,1,1,0,1,0,0,['Orange square = Empowerment of local organizations; pink diamond = Community Based Initiatives; purple hexagon = Community Centers; blue star = Outreach Volunteers'],1,['Mapping between visual symbols and semantic data categories.'],['Legend encoding is necessary to interpret which activities are represented at each mapped location.']
creation_date,reference_date,high,1,1,0.004761905,1,1,0,1,0,0,['31 janvier 2022'],1,['Date on which the figure or map was created.'],['Creation date helps distinguish map currency from the broader reference year.']
location_type,location_type,high,1,1,0.004761905,1,1,0,1,0,0,"['Refugee, formal settlement; Refugee, individual accommodation in communities']",1,"['Type of facility, settlement, or accommodation represented by map symbols.']",['Location type helps distinguish camps or settlements from community-based accommodation.']
currency_code,currency,high,1,1,0.004761905,1,0,1,1,0,0,['LBP'],1,['The currency in which monetary values are reported.'],['Currency enables monetary data discovery and prevents misinterpretation of values.']
location_name,geographic_entities,high,1,1,0.004761905,1,0,1,1,0,0,['Other; IDP Camp; Lusenda; Meri; Inke; Mole; Bili; Mulongwe; Maratane Camp; Meheba; Mayukwayukwa; Tongogara; Osire; Dukwe; Unknown'],1,"['Named locations, camps, settlements, or unknown location categories represented in table rows.']",['Location names improve discovery of subnational displacement and refugee-site data.']
location_granularity,geographic_granularity,high,1,1,0.004761905,1,0,1,1,0,0,"['Country-level and location-level entries, including camps, settlements, other, and unknown locations']",1,['The geographic or administrative granularity at which rows are reported.'],['Granularity helps users determine whether the table supports national or site-level analysis.']
location_category_values,not_in_ontology,high,1,1,0.004761905,1,1,0,1,0,0,"['Obock area: 2,319 and 210; Djibouti: 4,227 and 888; Hol-Hol: 4,394 and 3,625; Ali-Addeh/Arta area: 13,049 and 3,931']",1,['Numeric values associated with specific locations and categories in a spatial visualization.'],['Location-level values are often unavailable in document metadata and are important for data reuse.']
locality_names,geographic_entities,high,1,1,0.004761905,1,1,0,1,0,0,['Ingbokolo; Ariwara; Aru; Mahagi; Mongwalu; Bunia; Oicha; Beni; Butembo; Rutshuru; Goma'],1,"['Localities, towns, or cities labeled in the snapshot.']",['Named localities increase discoverability for users searching by place.']
lending_institution,financing_source,high,1,1,0.004761905,1,0,1,0,0,1,['Bank Group; Bank; IDA'],1,['The institution or institutional window associated with the financial operations.'],['Identifying the lending institution enables filtering between Bank and IDA financing records.']
legend_title,not_in_ontology,high,1,1,0.004761905,1,1,0,1,0,0,['#PiN par cercle'],1,['Title of the map legend describing the encoded variable.'],['The legend title clarifies the encoded measure when the figure title is unavailable or ambiguous.']
map_disclaimer,interpretive_note,high,1,1,0.004761905,1,1,0,1,0,0,['Les frontières et les noms indiqués et les désignations utilisées sur cette carte n’impliquent pas l’approbation ou l’acceptation officielle par les Nations Unies'],1,"['Disclaimer or caveat associated with boundaries, names, or designations on the map.']",['Disclaimers provide important context for provenance and interpretation of geographic boundaries.']
cost_categories,category_labels,medium,1,1,0.004761905,1,0,1,1,0,0,['Direct project costs; operating costs; total costs'],1,['Cost-related categories or line items represented in the table.'],['Cost categories make the table discoverable for users seeking project expenditure or cost projections.']
model_equation_names,category_labels,medium,1,1,0.004761905,1,0,1,1,0,0,['AIJ investment equation; Bilateral aid equation (selection)'],1,['Named equations or submodels represented within a statistical results table.'],['Equation names reveal the modeled outcomes or selection processes captured in the table.']
model_covariates_note,interpretive_note,high,1,1,0.004761905,1,0,1,1,0,0,['The results were derived using the same control variables as in Table 5 that are not presented for space reasons.'],1,"['Notes describing omitted controls, model specification details, or interpretive qualifications.']",['Specification notes provide important context for interpreting and reusing regression results.']
model_controls,analysis_method,medium,1,1,0.004761905,1,0,1,1,0,0,['Country-survey dummy variables included: Yes for Manufacturing; Yes for Services'],1,"['Controls, fixed effects, or dummy-variable specifications included in the model.']",['Model-control metadata helps users understand comparability and specification details.']
model_context,analysis_method,high,1,1,0.004761905,1,1,0,0,1,0,['Econometrically specified trade and growth model of the Ecuadoran economy; partial equilibrium view'],1,"[""The analytical or modeling framework in which the table's estimates are used.""]",['Model context clarifies that the estimates are part of a trade and growth simulation framework.']
missing_value_marker,interpretive_note,medium,1,1,0.004761905,1,0,1,1,0,0,[nan],0,['Symbol or text used to indicate unavailable or not applicable data values.'],['Recording missing-value notation supports correct interpretation and reuse of tabular data.']
missing_data_indicator,interpretive_note,medium,1,1,0.004761905,1,0,1,1,0,0,['-'],1,['The symbol or notation used to indicate missing or unavailable data values.'],['Recording missing-data notation improves accurate interpretation and downstream data extraction.']
metric_value_type,measure_type,high,1,1,0.004761905,1,0,1,1,0,0,['Absolute counts; totals'],1,"['Type of numeric value reported, such as count, percentage, rate, or total.']",['Value type helps users distinguish raw population counts from percentages or derived rates.']
map_identifier,internal_identifier,high,1,1,0.004761905,1,1,0,1,0,0,['IBRD 33453R'],1,['Cartographic or institutional identifier assigned to the map.'],['A map identifier supports provenance tracking and linking to institutional map products.']
metric_type,measure_type,high,1,1,0.004761905,1,1,0,1,0,0,['Percentage share or distribution (inferred from pie chart and percentages)'],1,"['The analytical form of the measured values, such as count, percentage, rate, or distribution.']",['Metric type helps distinguish proportional data from counts or other quantitative measures.']
cost_estimate_stage,category_dimension,medium,1,1,0.004761905,1,0,1,1,0,0,['Estimated'],1,"['Indicates whether the cost figures are estimated, actual, baseline, revised, or otherwise staged.']",['Cost estimate status is important for interpreting and comparing financial tables.']
method_citation,not_in_ontology,low,1,1,0.004761905,1,1,0,1,0,0,['Shannon et al. 2003'],1,"['Citation associated with the method, software, or visualization approach used in the figure.']",['Method citations provide provenance for the visualization technique and support reproducibility tracking.']
measurement_unit,unit_of_measure,high,1,1,0.004761905,1,0,1,1,0,0,['Number; Number (Thousand)'],1,['Unit of measure used for reported indicator values.'],['Units are essential for interpreting and comparing numeric table values.']
countries_covered,geographic_entities,high,1,1,0.004761905,1,0,1,1,0,0,['Democratic Republic of the Congo; Mozambique; South Africa; Congo; Zambia; Angola; Malawi; Zimbabwe; Namibia; Eswatini; Botswana; Lesotho; Madagascar; Mauritius; Comoros'],1,['The countries included as row groups in the table.'],['Country coverage enables precise geographic filtering within the broader region.']
countries_or_areas_referenced,geographic_entities,high,1,1,0.004761905,1,0,1,1,0,0,['South Sudan; Burundi; DRC; Uganda'],1,['Countries or areas explicitly mentioned in the table text.'],['Referenced places improve geographic search even when they are not all the primary scope.']
movement_type,population_group,high,1,1,0.004761905,1,0,1,1,0,0,['Rapatriement spontané / retour'],1,['Type of population movement or displacement-related process represented.'],['Movement type is central for discovering tables about returns versus other displacement situations.']
movement_mode,category_dimension,high,1,1,0.004761905,1,1,0,1,0,0,['Sea arrivals; Land arrivals'],1,['Mode or channel by which movements are categorized.'],['Movement mode is a reusable analytical dimension for comparing crossings or arrivals.']
movement_direction_categories,category_labels,high,1,1,0.004761905,1,1,0,1,0,0,['Intra region movements; outward movements from Southern Africa countries; inward movement to Southern Africa countries; onward movement within Southern Africa countries'],1,['Categories describing the direction or type of cross-border movement represented.'],['Movement direction categories are important facets for searching humanitarian mobility data.']
metric_value,not_in_ontology,high,1,1,0.004761905,1,1,0,1,0,0,"['70.5%; 85%; 2,587 USD']",1,['Quantitative values reported for the indicators in the snapshot.'],['Capturing headline values enables analytical reuse and search for specific reported metrics.']
measurement_type,measure_type,high,1,1,0.004761905,1,1,0,1,0,0,['Share / distribution across categories'],1,['Type of measurement expressed by the data values.'],['Identifying the values as shares supports analytical reuse and comparison with other distribution figures.']
data_collection_instrument,data_collection_method,high,1,1,0.004761905,1,0,1,1,0,0,['Evaluation report; trimestrial report by the task force; task force’s report; health expenditures tracking survey; MOH Secretary General’s report; task force’s trimestrial report; item'],1,"['Reports, surveys, or instruments used to collect or verify table indicators.']",['Data collection instruments provide provenance and indicate how reported values are generated.']
measurement_period,temporal_granularity,high,1,1,0.004761905,1,0,1,1,0,0,['Per month'],1,['The time basis or interval over which the indicator is measured.'],['The period basis is important for interpreting recurring monetary indicators such as rent.']
measurement_method,calculation_method,high,1,1,0.004761905,1,1,0,1,0,0,['Correlations with the real output trend'],1,['The method or statistical basis used to calculate the displayed indicator.'],['The correlation basis is critical for interpreting and reusing the plotted indicator.']
data_collection_or_registration_method,data_collection_method,high,1,1,0.004761905,1,1,0,1,0,0,['Biometric registration; CNR baseline'],1,"['Methods, systems, or reference exercises used to define reported figures.']",['Method metadata helps users assess comparability and provenance of population statistics.']
measurement_context,calculation_method,medium,1,1,0.004761905,1,0,1,1,0,0,['Price is set at the benchmark tariff reflecting long run cost'],1,"['The scenario, assumption, or condition under which the reported values are measured or modeled.']",['The pricing scenario is necessary to interpret the reported consumption and tariff values correctly.']
measurement_concept,indicator_name,high,1,1,0.004761905,1,1,0,1,0,0,['Reading performance; non-readers'],1,['The underlying concept or outcome measured by the indicator.'],['Capturing the concept supports discovery even when users search for broader terms rather than the exact indicator label.']
data_collection_program,data_collection_method,high,1,1,0.004761905,1,1,0,1,0,0,['Monitoreo de Frontera'],1,"['Named monitoring, survey, or data collection program cited as the source.']",['The source program provides provenance and helps group related figures from the same data collection effort.']
model_fit_statistics,indicator_name,medium,1,1,0.004761905,1,0,1,1,0,0,['R²; Std. error of est.'],1,['Summary diagnostics or goodness-of-fit measures reported for the model.'],['Model fit statistics are useful for comparing regression specifications and assessing analytical quality.']
measured_phenomenon,indicator_name,high,1,1,0.004761905,1,1,0,1,0,0,['Structural breaks in volatility'],1,['Underlying economic or statistical phenomenon measured by the figure.'],['This captures the substantive concept shown in the chart beyond the document-level topic.']
measured_entity,category_dimension,medium,1,1,0.004761905,1,1,0,1,0,0,['Commodities'],1,"['The type of entity or unit being counted, classified, or analyzed.']",['Knowing that the counts refer to commodities enables analytical reuse and domain-specific search.']
copyright_notice,interpretive_note,high,1,1,0.004761905,1,1,0,1,0,0,"['© UNHCR, The UN Refugee Agency']",1,['Copyright or rights statement visible in the figure.'],['Rights information supports provenance and reuse decisions.']
correlation_coefficients,not_in_ontology,high,1,1,0.004761905,1,1,0,1,0,0,"['Panel C: -0.72***, -0.70***, -0.67***, 0.71***; Panel D: -0.72***, -0.70***, -0.84***, 0.87***']",1,['Reported correlation statistics for relationships in the figure.'],['Correlation values support analytical reuse and discovery of relationship strength and direction.']
cost_basis,category_dimension,medium,1,1,0.004761905,1,0,1,1,0,0,['Long run cost'],1,['The cost concept or basis reflected in the pricing measure.'],"['Cost basis helps users distinguish financial, economic, short-run, and long-run pricing analyses.']"
cost_breakdown_type,category_dimension,medium,1,1,0.004761905,1,0,1,1,0,0,['Local and foreign cost breakdown; baseline costs; physical contingencies; price contingencies'],1,['Type of financial decomposition used to organize cost values.'],['Breakdown type helps users distinguish tables by how costs are analytically decomposed.']
measure_labels,indicator_name,high,1,1,0.004761905,1,0,1,1,0,0,['Credit Amount; Grant Amount; SML Amount; Guarantee Amount; Total Amount'],1,['Named measures or value columns reported in the table.'],['Measure labels support precise discovery of tables containing specific financial amount types.']
model_outcome_variables,indicator_name,high,1,1,0.004761905,1,0,1,1,0,0,['Per capita expenditure; Per capita income'],1,['The dependent or outcome variables reported in the model results.'],['Outcome variables are central for searching and comparing analytical tables across documents.']
model_or_fit_type,analysis_method,high,1,1,0.004761905,1,1,0,1,0,0,['Quadratic fit whole annual sample; cross-sectional regression; 4-knot spline approach'],1,"['Statistical model, fitted curve, or estimation method represented or described in the figure.']",['Model information helps users find figures involving fitted development paths or regression-based benchmarking.']
measured_variable,indicator_name,high,1,1,0.004761905,1,1,0,1,0,0,['Demand volume'],1,['The quantitative variable represented by the plotted values.'],['Identifying the measured variable improves analytical reuse and comparison across figures.']
